"reviewsCount","categories/0","categories/1","categories/2","categories/3","categories/4","categories/5","categories/6","openingHours/0/day","openingHours/0/hours","openingHours/1/day","openingHours/1/hours","openingHours/2/day","openingHours/2/hours","openingHours/3/day","openingHours/3/hours","openingHours/4/day","openingHours/4/hours","openingHours/5/day","openingHours/5/hours","openingHours/6/day","openingHours/6/hours","permanentlyClosed","categoryName","location/lat","location/lng","totalScore","rank","price","street","url","imageUrl","state","phone","countryCode","address","city","website","description","googleFoodUrl","reviewsDistribution/fiveStar","reviewsDistribution/fourStar","reviewsDistribution/oneStar","reviewsDistribution/threeStar","reviewsDistribution/twoStar","language","postalCode","title"
"29","Restoran Pempek","Restoran",,,,,,"Selasa","12.00 to 21.00","Rabu","12.00 to 21.00","Kamis","12.00 to 21.00","Jumat","12.00 to 21.00","Sabtu","12.00 to 21.00","Minggu","12.00 to 21.00","Senin","12.00 to 21.00","false","Restoran Pempek","0.494724","101.4854599","4.9","1",,"Jl. Harapan Raya, Simpang Bukit Barisan Raya No.31","https://www.google.com/maps/search/?api=1&query=Pempek%20Dolor%20Palembang&query_place_id=ChIJq4EYyNiv1TERozjXWOwoEL8","https://lh3.googleusercontent.com/gps-cs-s/AC9h4npeuH4_8FOSr0_DZBC6ogUlfM0-FnzwDF_t81g290V4QM-S5lIA1xussRim7z-4JbrABm888C2A_KiBmZz3X-8k-VMZy_XGg0-qUENfJo3SdfsbDzcAfKAHgjHmacyAwUyv1sy65w=w408-h725-k-no","Riau","+62 821-7222-8725","ID","Jl. Harapan Raya, Simpang Bukit Barisan Raya No.31, Tengkerang Tim., Kec. Tenayan, Kota Pekanbaru, Riau 28281, Indonesia","Kota Pekanbaru","https://chiciedho.bio.link/",,,,,,,,"id","28281","Pempek Dolor Palembang"
"35","Restoran Batak",,,,,,,"Selasa","09.00 to 22.00","Rabu","09.00 to 22.00","Kamis","09.00 to 22.00","Jumat","09.00 to 22.00","Sabtu","09.00 to 22.00","Minggu","09.00 to 22.00","Senin","09.00 to 22.00","false","Restoran Batak","0.5183452","101.4839731","4.6","2",,"Jl. Hangtuah No.299","https://www.google.com/maps/search/?api=1&query=Rumah%20Makan%20Khas%20Batak%20%22Shalom%22&query_place_id=ChIJ528MOdSt1TERMbKGMmFeTXk","https://lh3.googleusercontent.com/gps-cs-s/AC9h4noDm_CgLgLwEDG9tQvZhPM8C1rz4HIIgqM9SOxBYJ9LphHYwx7vovNOjZYDzvfW_P3ILpNapnkU_XfYNJvgwNCRC_XBgryLciEOLP5-ZXa8atrOaTO2CFP3rfDM2896h29s1ls=w426-h240-k-no","Riau","+62 812-6770-9926","ID","Jl. Hangtuah No.299, Rejosari, Kec. Tenayan Raya, Kota Pekanbaru, Riau 28131, Indonesia","Kota Pekanbaru",,,,,,,,,"id","28131","Rumah Makan Khas Batak ""Shalom"""
"47","Restoran soto",,,,,,,"Selasa","07.00 to 22.00","Rabu","07.00 to 22.00","Kamis","07.00 to 22.00","Jumat","07.00 to 11.30, 13.15 to 22.00","Sabtu","07.00 to 22.00","Minggu","07.00 to 22.00","Senin","07.00 to 22.00","false","Restoran soto","0.5196048","101.4894552","5","3",,"Jl. Indah Puri Garden, Perumahan Indah Puri Garden Blok-H No. 2","https://www.google.com/maps/search/?api=1&query=Soto%20Medan%20RUMAH%20KITA%2C%20Pekanbaru&query_place_id=ChIJc8bNzXKt1TERUcXnvqLydfQ","https://lh3.googleusercontent.com/p/AF1QipPr7Lln_ESr54jvN4pwI-HqW_GnzwsWXeJro2OE=w408-h306-k-no","Riau","+62 811-7676-168","ID","Jl. Indah Puri Garden, Perumahan Indah Puri Garden Blok-H No. 2, Rejosari, Kec. Tenayan Raya, Kota Pekanbaru, Riau 28281, Indonesia","Kota Pekanbaru","http://www.instagram.com/rumahkita.pku",,,,,,,,"id","28281","Soto Medan RUMAH KITA, Pekanbaru"
"113","Restoran Batak",,,,,,,"Selasa","11.00 to 22.00","Rabu","11.00 to 22.00","Kamis","11.00 to 22.00","Jumat","11.00 to 22.00","Sabtu","11.00 to 22.00","Minggu","11.00 to 22.00","Senin","11.00 to 22.00","false","Restoran Batak","0.514855","101.4951843","4.5","4",,"GF7W+W3V","https://www.google.com/maps/search/?api=1&query=RM%20Khas%20Batak%20%22Lapo%20Pandoit%22&query_place_id=ChIJZ8ovGXau1TERQTHTFlFIp-Q","https://lh3.googleusercontent.com/gps-cs-s/AC9h4nqPUwnAfQLyy0la3p8TMx5nAIr6FBqa52w9BSgZCHKUqIeNJSr2FhK4CYV9Nff2gkzatJBJS7TFZ1FdKey9kCwZoC-DXB4FN7XKwI2wxgEu9gCW6DbgYxfpaGaUV4UQk67pa04DkeQc9R-o=w408-h306-k-no","Riau","+62 812-6652-6357","ID","GF7W+W3V, Bencah Lesung, Kec. Tenayan Raya, Kota Pekanbaru, Riau 28131, Indonesia","Kota Pekanbaru",,,,,,,,,"id","28131","RM Khas Batak ""Lapo Pandoit"""
"12","Restoran Padang","Rumah Makan",,,,,,"Selasa","08.00 to 22.00","Rabu","08.00 to 22.00","Kamis","08.00 to 22.00","Jumat","08.00 to 22.00","Sabtu","08.00 to 22.00","Minggu","08.00 to 22.00","Senin","08.00 to 22.00","false","Restoran Padang","0.4956269","101.4927185","4.8","5",,"Jl. Harapan Raya No.88","https://www.google.com/maps/search/?api=1&query=Ampera%20Badhaso&query_place_id=ChIJjTbvkkKu1TERYgonWvWK41M","https://lh3.googleusercontent.com/gps-cs-s/AC9h4nocwbp69UzNG62q-xvt0bMmVsX4na-Vji4Uecnkx9E-rHqpmU5ItYKc2TCMhEYUin00SRNzJ1eo-VdP4Lvc085mGWbDcBYHlNFaea01RG2NiYEKlWbm7fhlT4QnM8G8KrLwLh4=w408-h725-k-no","Riau","+62 813-6577-3881","ID","Jl. Harapan Raya No.88, Tengkerang Tim., Kec. Tenayan Raya, Kota Pekanbaru, Riau 28131, Indonesia","Kota Pekanbaru",,,,,,,,,"id","28131","Ampera Badhaso"
"29","Restoran Padang","Rumah Makan",,,,,,"Selasa","09.00 to 21.00","Rabu","09.00 to 21.00","Kamis","09.00 to 21.00","Jumat","09.00 to 21.00","Sabtu","09.00 to 21.00","Minggu","09.00 to 21.00","Senin","09.00 to 21.00","false","Restoran Padang","0.4953295","101.4956667","4.7","6",,"Jl. Imam Munandar No.Kelurahan","https://www.google.com/maps/search/?api=1&query=Rumah%20Makan%20Alam%20Raya&query_place_id=ChIJhQ40td2v1TERyyZ77mkDd4Q","https://lh3.googleusercontent.com/gps-cs-s/AC9h4nqhW9a7p0aQXP2a9IeaeMEmKLCfaMrp6V7sRl24roAo8khhiLjvUMqQXXAj5X_jtz5GvCh4G0mfilbBK_zBmvBPZ6VvHXFBHS9PbNsiVOT9DB38u7rgXtdGxyR-AbsRLHnaTGutBg=w408-h544-k-no","Riau","+62 812-6715-029","ID","Jl. Imam Munandar No.Kelurahan, Tengkerang Tim., Kec. Tenayan Raya, Kota Pekanbaru, Riau 28286, Indonesia","Kota Pekanbaru",,,,,,,,,"id","28286","Rumah Makan Alam Raya"
"0","Restoran Padang",,,,,,,,,,,,,,,,,,,,,"false","Restoran Padang","0.4977982","101.5019787",,"7",,"Jl. Sekuntum No.22","https://www.google.com/maps/search/?api=1&query=Ampera%20Salero%20Basamo&query_place_id=ChIJDxj8XgCv1TERpGWplhf3leQ",,"Riau",,"ID","Jl. Sekuntum No.22, Bencah Lesung, Kec. Tenayan Raya, Kota Pekanbaru, Riau 28131, Indonesia","Kota Pekanbaru",,,,,,,,,"id","28131","Ampera Salero Basamo"
"1","Restoran Masakan Ayam","Restoran Mie","Restoran Soto Ayam",,,,,"Selasa","10.00 to 17.00","Rabu","10.00 to 17.00","Kamis","10.00 to 17.00","Jumat","10.00 to 17.00","Sabtu","10.00 to 17.00","Minggu","Tutup","Senin","10.00 to 17.00","false","Restoran Masakan Ayam","0.4902707","101.495043","5","8",,"Unnamed Road","https://www.google.com/maps/search/?api=1&query=AYAM%20COMEBACK&query_place_id=ChIJHzPJN0Su1TERK4Hqbb-w_04","https://lh3.googleusercontent.com/p/AF1QipOXC_oh1YNFLWFf4_km6EvidJRjzkRybqH6k_Ve=w428-h240-k-no","Riau","+62 813-7284-7658","ID","Unnamed Road, Tengkerang Timur, Tenayan Raya, Pekanbaru City, Riau 28131, Indonesia","Kota Pekanbaru","https://www.instagram.com/ayamcomeback.pku/",,,,,,,,"id","28131","AYAM COMEBACK"
"50","Restoran Nasi Goreng",,,,,,,"Selasa","15.00 to 03.00","Rabu","15.00 to 03.00","Kamis","15.00 to 00.00","Jumat","16.00 to 03.00","Sabtu","16.00 to 03.00","Minggu","15.00 to 03.00","Senin","15.00 to 03.00","false","Restoran Nasi Goreng","0.5049032","101.5009542","4.6","9",,"Jl. Hangtuah No.122","https://www.google.com/maps/search/?api=1&query=Nasi%20Goreng%20Anak%20Rantau&query_place_id=ChIJG87bN5Gv1TER8s_L_h5PMPs","https://lh3.googleusercontent.com/gps-cs-s/AC9h4noPqKcUtq4ktFSYQJt6O0VYGesSTBXBkacgWJLMsDGrXCRKJzsRjEz24X64h-zAe8N53Fq7MFXOI7_nD1aey6-HGvxka6nfxjRpptG_wFrmt4q6E5nCAYz8-kSt9S7-CHvSS0Pteg=w408-h306-k-no","Riau","+62 822-8413-5875","ID","Jl. Hangtuah No.122, Bencah Lesung, Kec. Tenayan Raya, Kota Pekanbaru, Riau 28131, Indonesia","Kota Pekanbaru",,,,,,,,,"id","28131","Nasi Goreng Anak Rantau"
"11","Restoran Padang",,,,,,,"Selasa","11.00 to 22.00","Rabu","11.00 to 22.00","Kamis","11.00 to 22.00","Jumat","11.00 to 22.00","Sabtu","11.00 to 22.00","Minggu","11.00 to 22.00","Senin","11.00 to 22.00","false","Restoran Padang","0.4882417","101.4902466","4.6","10",,"Jl. Bukit Barisan No.Kelurahan","https://www.google.com/maps/search/?api=1&query=Rumah%20Makan%20Uni%20Ijah&query_place_id=ChIJLb2UZ6qv1TERTagoKxD-_0Q","https://lh3.googleusercontent.com/gps-cs-s/AC9h4no30Ru_ejOt690QKd2NMy32T2pQamjV96PdsWGjcU5kOc14LDbUj8cRmqDOhl4yXEkm09SgM3zbQybqPbrRBSXgOIhO5nxqAad8KpezYxClZAJi0t-2zsGnwAOVftkejy4nR908Rw=w533-h240-k-no","Riau","+62 813-7445-1411","ID","Jl. Bukit Barisan No.Kelurahan, Tengkerang Tim., Kec. Tenayan Raya, Kota Pekanbaru, Riau 28289, Indonesia","Kota Pekanbaru",,,,,,,,,"id","28289","Rumah Makan Uni Ijah"
"101","Restoran Masakan Ayam","Restoran ayam penyet","Restoran Mie",,,,,"Selasa","08.00 to 22.00","Rabu","08.00 to 22.00","Kamis","08.00 to 22.00","Jumat","08.00 to 22.00","Sabtu","08.00 to 22.00","Minggu","08.00 to 22.00","Senin","08.00 to 22.00","false","Restoran Masakan Ayam","0.5012107","101.4979904","4.6","11",,"Jl. Melati Jl. Hang Tuah Gg. Soponyono No.51 Kel","https://www.google.com/maps/search/?api=1&query=Ayam%20Geprek%20Mas%20Yanto&query_place_id=ChIJkSDpaaOv1TER_Djg3zQ2580","https://lh3.googleusercontent.com/p/AF1QipP-5l0A6QVVus7esks_5E2eSri5oYPJHrmI-0Rj=w408-h306-k-no","Riau","+62 853-6372-5704","ID","Jl. Melati Jl. Hang Tuah Gg. Soponyono No.51 Kel, Sialang Sakti, Kec. Tenayan Raya, Kota Pekanbaru, Riau 28127, Indonesia","Kota Pekanbaru",,,,,,,,,"id","28127","Ayam Geprek Mas Yanto"
"4","Restoran Pecel Lele",,,,,,,,,,,,,,,,,,,,,"false","Restoran Pecel Lele","0.5155235","101.4853071","4.8","12",,"GF8P+643","https://www.google.com/maps/search/?api=1&query=Mr%20Boom%20Seafood&query_place_id=ChIJgd0hYwCt1TER_Yv6qYQkCpo","https://lh3.googleusercontent.com/gps-cs-s/AC9h4nosSw2p4Uu8Y84l0-WOfOq7s4pBb-A8iEi_hMOHv3K7tVOiaa36S6d4ViRdC2jzCKc1rxi81usuS0OmnCvJz070ITyGmjbmS-ZzSaHZSaZbL0tG-bvMC-8tHGpPAnJL6wdlV_qi=w408-h306-k-no","Riau",,"ID","GF8P+643, Rejosari, Kec. Tenayan Raya, Kota Pekanbaru, Riau 28131, Indonesia","Kota Pekanbaru",,,,,,,,,"id","28131","Mr Boom Seafood"
"22","Restoran Soto Ayam","Kedai Sarapan & Makan Siang",,,,,,"Selasa","07.00 to 12.00","Rabu","07.00 to 12.00","Kamis","07.00 to 12.00","Jumat","07.00 to 12.00","Sabtu","07.00 to 12.00","Minggu","07.00 to 12.00","Senin","07.00 to 12.00","false","Restoran Soto Ayam","0.4961567","101.5019686","4.7","13",,"belakang halte kedatangan bus, Jl. Imam Munandar Jl. Alam Mayang","https://www.google.com/maps/search/?api=1&query=SOTO%20AYAM%20LAMONGAN%20CAK%20WIN&query_place_id=ChIJAYJHocmv1TER1bQC0cE84Hg","https://lh3.googleusercontent.com/gps-cs-s/AC9h4nprFpbCIT325D_qiQFhdgGLYXyr0ofSDmFBL7XZH1LxEy0335020-I0pL5CZdQHJEPWqkQy1LDd4II2y2wIArH8fWcPJ3MOh3DOjS0cXRsjaEF74c3Q9hVw5BcPWKZTjbm5JkU=w408-h306-k-no","Riau","+62 821-7263-3313","ID","belakang halte kedatangan bus, Jl. Imam Munandar Jl. Alam Mayang, Bencah Lesung, Kec. Tenayan Raya, Kota Pekanbaru, Riau 28131, Indonesia","Kota Pekanbaru",,,,,,,,,"id","28131","SOTO AYAM LAMONGAN CAK WIN"
"10","Kedai Sarapan & Makan Siang","Kedai Sarapan",,,,,,"Selasa","07.00 to 12.00","Rabu","07.00 to 12.00","Kamis","07.00 to 12.00","Jumat","07.00 to 12.00","Sabtu","07.00 to 12.00","Minggu","07.00 to 12.00","Senin","07.00 to 12.00","false","Kedai Sarapan & Makan Siang","0.5004246","101.4986027","5","14",,"Jl. Alam Raya No.25","https://www.google.com/maps/search/?api=1&query=Sarapan%20Pagi%20Melati%20%26%20Lontong%20Medan&query_place_id=ChIJc9WO9iCl1TERzkso-3bWV6o","https://lh3.googleusercontent.com/p/AF1QipMM3R3VO6CL7CqN_T_wjABUO9PFTMvwvD5cyTY=w426-h240-k-no","Riau","+62 822-8828-7735","ID","Jl. Alam Raya No.25, Bencah Lesung, Kec. Tenayan Raya, Kota Pekanbaru, Riau 28285, Indonesia","Kota Pekanbaru",,,,,,,,,"id","28285","Sarapan Pagi Melati & Lontong Medan"
"1","Restoran ayam penyet","Restoran Masakan Ayam","Rumah Makan",,,,,"Selasa","10.00 to 22.00","Rabu","10.00 to 22.00","Kamis","10.00 to 22.00","Jumat","10.00 to 22.00","Sabtu","10.00 to 22.00","Minggu","10.00 to 22.00","Senin","10.00 to 22.00","false","Restoran ayam penyet","0.4981017","101.4824768","5","15",,"Jl. Imam Munandar No.Kelurahan","https://www.google.com/maps/search/?api=1&query=Ayam%20Penyet%20Rempah%2088&query_place_id=ChIJFXKiU6Gv1TER16Xyqp80l2U","https://streetviewpixels-pa.googleapis.com/v1/thumbnail?panoid=MED7qHY0x_nUpaqSDsa75Q&cb_client=search.gws-prod.gps&w=408&h=240&yaw=202.65056&pitch=0&thumbfov=100","Riau","+62 822-8820-2222","ID","Jl. Imam Munandar No.Kelurahan, Tengkerang Tim., Kec. Tenayan Raya, Kota Pekanbaru, Riau 28131, Indonesia","Kota Pekanbaru",,,,,,,,,"id","28131","Ayam Penyet Rempah 88"
"2","Restoran Nasi Goreng",,,,,,,"Selasa","06.30 to 21.30","Rabu","06.30 to 21.30","Kamis","06.30 to 21.30","Jumat","15.00 to 21.30","Sabtu","06.30 to 21.30","Minggu","06.30 to 21.30","Senin","06.30 to 21.30","false","Restoran Nasi Goreng","0.5051811","101.5040381","5","16",,"sebelah penginapan arfi, Jl. Hangtuah No.142","https://www.google.com/maps/search/?api=1&query=Nasi%20goreng%20petai%20bang%20eja&query_place_id=ChIJ17p3uuKt1TERJyo7fnNJbU0","https://lh3.googleusercontent.com/p/AF1QipOABOqJO32hirWwxPhdz8_bCTkD_ujQT8bg9wLp=w408-h725-k-no","Riau","+62 821-8002-1984","ID","sebelah penginapan arfi, Jl. Hangtuah No.142, kec:, Kec. Tenayan Raya, Kota Pekanbaru, Riau 28285, Indonesia","Kota Pekanbaru",,,,,,,,,"id","28285","Nasi goreng petai bang eja"
"23","Restoran Hamburger",,,,,,,,,,,,,,,,,,,,,"false","Restoran Hamburger","0.4931849","101.4854166","4.7","17",,"Jl. Bukit Barisan No.8A","https://www.google.com/maps/search/?api=1&query=Omar%20Burger%20Kebab&query_place_id=ChIJmRpIOgCv1TER_qpCMF3_yqc","https://lh3.googleusercontent.com/gps-cs-s/AC9h4noEc5nZ3mvV-x_ofA7tKcfr9zF2GxoojgH0nrzHo7G-TlTpjvuGvFa5d3_Qnj4_9Bc2TrWPIUZltAVnSTcfjVXJfvcNgRglt-wdg68S-7d_izMrBreSIgLTElY0RcNUIT4VUeriPg=w408-h544-k-no","Riau",,"ID","Jl. Bukit Barisan No.8A, Tengkerang Tim., Kec. Tenayan Raya, Kota Pekanbaru, Riau 28131, Indonesia","Kota Pekanbaru",,,,,,,,,"id","28131","Omar Burger Kebab"
"1","Restoran ayam penyet",,,,,,,"Selasa","Buka 24 jAM","Rabu","Buka 24 jAM","Kamis","Buka 24 jAM","Jumat","Buka 24 jAM","Sabtu","Buka 24 jAM","Minggu","Buka 24 jAM","Senin","Buka 24 jAM","false","Restoran ayam penyet","0.4929148","101.4874082","5","18",,"FFVP+5X7","https://www.google.com/maps/search/?api=1&query=Ayam%20Penyet%20Kamba&query_place_id=ChIJrUjeG8mv1TERurKZBmYbjdI","https://streetviewpixels-pa.googleapis.com/v1/thumbnail?panoid=O2G6OSkHyHbQdfKXRhxR9g&cb_client=search.gws-prod.gps&w=408&h=240&yaw=242.57446&pitch=0&thumbfov=100","Riau","+62 812-2186-5769","ID","FFVP+5X7, Tengkerang Tim., Kec. Tenayan Raya, Kota Pekanbaru, Riau 28131, Indonesia","Kota Pekanbaru",,,,,,,,,"id","28131","Ayam Penyet Kamba"
"33","Restoran Indonesia","Rumah Makan","Restoran ikan",,,,,"Selasa","09.00 to 21.00","Rabu","09.00 to 21.00","Kamis","09.00 to 21.00","Jumat","09.00 to 21.00","Sabtu","09.00 to 21.00","Minggu","Tutup","Senin","09.00 to 21.00","false","Restoran Indonesia","0.4971875","101.4826266","4.6","19",,"Jl. Harapan Raya No.5","https://www.google.com/maps/search/?api=1&query=Ampera%20Ikan%20Asin%20Mama&query_place_id=ChIJ67c9eYOv1TERyD-rDYwbUSk","https://streetviewpixels-pa.googleapis.com/v1/thumbnail?panoid=yGRTY3dPZLBKyUKRvLdk4Q&cb_client=search.gws-prod.gps&w=408&h=240&yaw=254.76994&pitch=0&thumbfov=100","Riau","+62 853-7638-9072","ID","Jl. Harapan Raya No.5, Tengkerang Tim., Kec. Tenayan Raya, Kota Pekanbaru, Riau 28289, Indonesia","Kota Pekanbaru",,,,,,,,,"id","28289","Ampera Ikan Asin Mama"
"1","Restoran Padang","Rumah Makan",,,,,,"Selasa","06.00 to 22.00","Rabu","06.00 to 22.00","Kamis","06.00 to 22.00","Jumat","06.00 to 22.00","Sabtu","06.00 to 22.00","Minggu","06.00 to 22.00","Senin","06.00 to 22.00","false","Restoran Padang","0.4903967","101.5166569","5","20",,"FGR8+5M3, Jl. Lintas Sumatra","https://www.google.com/maps/search/?api=1&query=Ampera%20One&query_place_id=ChIJJXFCZsCp1TERC7XMYwJ183w","https://lh3.googleusercontent.com/gps-cs-s/AC9h4nqoMZFwKJ0Y5RPqZjxTkfK8324Ovco2YasKAzYKO4WINXoCjmddG5EJmWZU1hi9bYki2IopcRMtMQmchlOF8TKvNs5RU05uj_Qv2hS88altrGq8oG7Bm1hmxR4Q_16FZwD8tbEy=w426-h240-k-no","Riau","+62 852-6597-2969","ID","FGR8+5M3, Jl. Lintas Sumatra, Mentangor, Kec. Tenayan Raya, Kota Pekanbaru, Riau 28133, Indonesia","Kota Pekanbaru",,,,,,,,,"id","28133","Ampera One"
"2","Restoran Keluarga",,,,,,,"Selasa","09.00 to 18.00","Rabu","09.00 to 18.00","Kamis","09.00 to 18.00","Jumat","09.00 to 18.00","Sabtu","09.00 to 18.00","Minggu","Tutup","Senin","09.00 to 18.00","false","Restoran Keluarga","0.4851353","101.5124865","5","1",,"FGP6+4X","https://www.google.com/maps/search/?api=1&query=Banun'foodhome&query_place_id=ChIJd1V8vtGv1TER28vlV7UYGos","https://streetviewpixels-pa.googleapis.com/v1/thumbnail?panoid=uLRj6AqhxPUEp4w62K_UmQ&cb_client=search.gws-prod.gps&w=408&h=240&yaw=262.85062&pitch=0&thumbfov=100","Riau",,"ID","FGP6+4X, Bencah Lesung, Kec. Tenayan Raya, Kota Pekanbaru, Riau 28289, Indonesia","Kota Pekanbaru",,,,,,,,,"id","28289","Banun'foodhome"
"15","Restoran Soto Ayam",,,,,,,"Selasa","06.00 to 23.00","Rabu","06.00 to 23.00","Kamis","06.00 to 23.00","Jumat","06.00 to 23.00","Sabtu","06.00 to 23.00","Minggu","04.24 to 23.00","Senin","06.00 to 23.01","false","Restoran Soto Ayam","0.4750931","101.5139106","4.8","2",,"FGG7+3H6, Jl. Sepakat","https://www.google.com/maps/search/?api=1&query=Soto%20ayam%20lamongan&query_place_id=ChIJ68j9qYmv1TER_TpMeFHzVls","https://lh3.googleusercontent.com/gps-cs-s/AC9h4nqK4E6orFCHqGBOBvgbchbBsfvAb_pZr3IjNJm76G4bzaweFw038LkxqNxtkrOmNkB_dRp7zXR4YKqOCT0HjXBh8RrTug61yIWhpwdxuJKLD82-Alv3drdPvSBKoPEzxxFGrjYU=w408-h306-k-no","Riau","+62 812-1100-5656","ID","FGG7+3H6, Jl. Sepakat, Kulim, Kec. Tenayan Raya, Kota Pekanbaru, Riau 28289, Indonesia","Kota Pekanbaru",,,,,,,,,"id","28289","Soto ayam lamongan"
"4","Restoran Masakan Ayam",,,,,,,"Selasa","06.00 to 18.30","Rabu","06.00 to 18.30","Kamis","06.00 to 18.30","Jumat","06.00 to 18.30","Sabtu","06.30 to 19.00","Minggu","09.00 to 17.00","Senin","06.00 to 18.30","false","Restoran Masakan Ayam","0.4761574","101.512765","5","3",,"Jl. Sepakat No.8","https://www.google.com/maps/search/?api=1&query=Crispyku%20fried%20chicken&query_place_id=ChIJoZ-qfeyv1TER_R-XbasKfNc","https://lh3.googleusercontent.com/gps-cs-s/AC9h4nrbH7f_ks0aKynNlyG-3NtZtF8HzR3rUtHzomQsQNkBEbZXwMvSV--2OEeF6fbDWAupsP5OLxLp2RvYnhXk-iIqMQOp9foI9MrXr4M3_gZU0NmUMPgHBauI_or9wd-TtLBwf_Q=w408-h306-k-no","Riau",,"ID","Jl. Sepakat No.8, Kulim, Kec. Tenayan Raya, Kota Pekanbaru, Riau 28289, Indonesia","Kota Pekanbaru",,,,,,,,,"id","28289","Crispyku fried chicken"
"62","Restoran Padang",,,,,,,"Selasa","07.00 to 21.30","Rabu","07.00 to 21.30","Kamis","07.00 to 21.30","Jumat","07.00 to 21.30","Sabtu","07.00 to 21.30","Minggu","07.00 to 21.30","Senin","07.00 to 21.30","false","Restoran Padang","0.4734662","101.5415806","4.6","4",,"Jl. Lintas Sumatra, RW.Kilometer 17","https://www.google.com/maps/search/?api=1&query=Rumah%20Makan%20Sepakat%202&query_place_id=ChIJSctOCU6x1TERdrBrkxdaMzc","https://lh3.googleusercontent.com/p/AF1QipOlmdiiMe2E6_VOHMI1zwuIoOu_hyTiCwaKypRB=w426-h240-k-no","Riau","+62 852-6718-4763","ID","Jl. Lintas Sumatra, RW.Kilometer 17, Kulim, Kec. Tenayan Raya, Kota Pekanbaru, Riau 28282, Indonesia","Kota Pekanbaru",,,,,,,,,"id","28282","Rumah Makan Sepakat 2"
"1","Kedai Sarapan & Makan Siang",,,,,,,,,,,,,,,,,,,,,"false","Kedai Sarapan & Makan Siang","0.4725684","101.536648","5","5",,"FGFP+2MC, Jl. Lintas Sumatra","https://www.google.com/maps/search/?api=1&query=rumah%20makan%20Mitra%20anda&query_place_id=ChIJFYPDYtax1TERVeAejqChnZ8","https://streetviewpixels-pa.googleapis.com/v1/thumbnail?panoid=W31jvNBWIsDavuvfGdCsAA&cb_client=search.gws-prod.gps&w=408&h=240&yaw=325.82397&pitch=0&thumbfov=100","Riau",,"ID","FGFP+2MC, Jl. Lintas Sumatra, Kulim, Kec. Tenayan Raya, Kota Pekanbaru, Riau, Indonesia","Kota Pekanbaru",,,,,,,,,"id",,"rumah makan Mitra anda"
"48","Restoran Padang",,,,,,,"Selasa","10.00 to 21.00","Rabu","10.00 to 21.00","Kamis","10.00 to 21.00","Jumat","10.00 to 21.00","Sabtu","10.00 to 21.00","Minggu","10.00 to 21.00","Senin","10.00 to 21.00","false","Restoran Padang","0.4710421","101.51334","4.5","6",,"FGC7+C88, Jl. Lintas Sumatra","https://www.google.com/maps/search/?api=1&query=Ampera%20Rizky&query_place_id=ChIJaZSf1c-v1TERCbQq2HHTiTw","https://lh3.googleusercontent.com/gps-cs-s/AC9h4nrCFhfxZvE6OnRiFmwBQiM6WtuQs8AcZAILkgSte-CQ5PqCwAFY0zyect6Db-UqzMoMZgCQmd7uIGSMGhQn8aTnXNAZo4GQqq6KABYUreTOURrTw07_A7O0FEEEyVef13qsyjQ=w408-h406-k-no","Riau","+62 812-7796-1982","ID","FGC7+C88, Jl. Lintas Sumatra, Pembatuan, Kec. Tenayan Raya, Kota Pekanbaru, Riau 28289, Indonesia","Kota Pekanbaru",,,,,,,,,"id","28289","Ampera Rizky"
"3","Kedai Sarapan",,,,,,,,,,,,,,,,,,,,,"false","Kedai Sarapan","0.4756652","101.5132874","5","7",,"Jl. Sepakat Perum MKP No.7","https://www.google.com/maps/search/?api=1&query=Lontong%20Medan%20Indra%20Ashari&query_place_id=ChIJVSKxDbuv1TER7n4C1jDmAo8","https://lh3.googleusercontent.com/gps-cs-s/AC9h4noBXZNORcLaj4V1CPcEw0HSZLn6Za7UnxLC7J-c64aaszndUM0pnsa5SDjDUUgww_TEYJQxkD4TCxo8HZj6YeaVckl7tSTZWdU8GmNScNOL48N99jxvaF6GdC78ayxdhy8w29Z9=w480-h240-k-no","Riau",,"ID","Jl. Sepakat Perum MKP No.7, Kulim, Kec. Tenayan Raya, Kota Pekanbaru, Riau 28289, Indonesia","Kota Pekanbaru",,,,,,,,,"id","28289","Lontong Medan Indra Ashari"
"11","Restoran Padang","Rumah Makan",,,,,,"Selasa","06.00 to 01.00","Rabu","06.00 to 01.00","Kamis","06.30 to 01.00","Jumat","06.00 to 01.00","Sabtu","06.00 to 01.00","Minggu","06.00 to 01.00","Senin","06.00 to 01.00","false","Restoran Padang","0.4693088","101.5143559","4.5","8",,"Jl. Lintas Sumatra No.Km. 13","https://www.google.com/maps/search/?api=1&query=Ampera%20Uniang%20Rina&query_place_id=ChIJ7-7CuMuv1TERCxWXb_Txu_U","https://lh3.googleusercontent.com/p/AF1QipOwmQpcAfZUyG0TbuOGQT-wDEXC__icep14VSb7=w426-h240-k-no","Riau","+62 813-8794-5370","ID","Jl. Lintas Sumatra No.Km. 13, Pebatuan, Kec. Tenayan Raya, Kota Pekanbaru, Riau 28285, Indonesia","Kota Pekanbaru",,,,,,,,,"id","28285","Ampera Uniang Rina"
"16","Restoran soto",,,,,,,,,,,,,,,,,,,,,"false","Restoran soto","0.4857178","101.5203671","4.7","9",,,"https://www.google.com/maps/search/?api=1&query=Kedai%20Soto%20Simpang%20Tangor&query_place_id=ChIJrxXYwiiu1TERoz7a-32AY2k","https://streetviewpixels-pa.googleapis.com/v1/thumbnail?panoid=H_kayZNNY6Kegnq1K8s1Bw&cb_client=search.gws-prod.gps&w=408&h=240&yaw=229.9019&pitch=0&thumbfov=100","Riau",,"ID","Bencah Lesung, Kec. Tenayan Raya, Kota Pekanbaru, Riau, Indonesia","Kota Pekanbaru",,,,,,,,,"id",,"Kedai Soto Simpang Tangor"
"2","Restoran Ikan Bakar",,,,,,,"Selasa","10.00 to 18.00","Rabu","10.00 to 18.00","Kamis","10.00 to 18.00","Jumat","10.00 to 18.00","Sabtu","10.00 to 18.00","Minggu","10.00 to 18.00","Senin","10.00 to 18.00","false","Restoran Ikan Bakar","0.4701268","101.5221224","5","10",,"FGCC+3R5","https://www.google.com/maps/search/?api=1&query=Pondok%20Ikan%20Bakar%20Awa&query_place_id=ChIJF5xl2Fmv1TERzoU5ndGLl3Y","https://lh3.googleusercontent.com/gps-cs-s/AC9h4nrgEinHt9oVWQr9fd7_VbAqIqaSQsE_a60I5RKzkp-UgnCyxvCh9lF403wSkI72ADBIx77uAzbaou7nX1SEfc1c_u7aDDDnr5We9NiFWrhqQD8QYP9FaG_m0jz8RWtgcYTCf0ppWA=w408-h544-k-no","Riau","+62 811-7674-040","ID","FGCC+3R5, Kulim, Kec. Tenayan Raya, Kota Pekanbaru, Riau 28289, Indonesia","Kota Pekanbaru",,,,,,,,,"id","28289","Pondok Ikan Bakar Awa"
"13","Restoran Nasi Goreng",,,,,,,"Selasa","16.00 to 02.00","Rabu","16.00 to 02.00","Kamis","16.00 to 02.00","Jumat","16.00 to 02.00","Sabtu","16.00 to 02.00","Minggu","16.00 to 02.00","Senin","16.00 to 02.00","false","Restoran Nasi Goreng","0.4817425","101.5201166","4.7","11",,"FGJC+M2X","https://www.google.com/maps/search/?api=1&query=NASI%20GORENG%20DIRA&query_place_id=ChIJcZ8PjVev1TERe2lbGw3roXc","https://lh3.googleusercontent.com/gps-cs-s/AC9h4nou5Z-X0Vu4bCr7uWn53qAvYTFeqHpmsMifqQlYPexss-Oi0KTZewoY5oVdLWTzXW7x4-Y9lkmQ48QdMn6eteKFaYlR0SrKqqr51SVA1jBjKs5sj9vxO5TvtIAawURp7FnSkhpW=w408-h408-k-no","Riau",,"ID","FGJC+M2X, Kulim, Kec. Tenayan Raya, Kota Pekanbaru, Riau 28289, Indonesia","Kota Pekanbaru",,,,,,,,,"id","28289","NASI GORENG DIRA"
"8","Kedai Sarapan & Makan Siang",,,,,,,,,,,,,,,,,,,,,"false","Kedai Sarapan & Makan Siang","0.4750683","101.5118241","5","12",,"FGG6+2PG","https://www.google.com/maps/search/?api=1&query=Soto%20Padang%20Uni%20Elly&query_place_id=ChIJ745vkg6v1TERyTMY43CpH2E","https://lh3.googleusercontent.com/gps-cs-s/AC9h4nrrfy5WSUYRtXvITp7u67Gv2_dL_hXivdmHMwL7lwAVmKjvDBDOXH4To2iow8DHy9N_8E9t4sjUn03F5z7PKD15GKuZoOu3XFlz76J_sESdGiSwW5ilEyO9e1yNjFbDhclebhmo=w408-h544-k-no","Riau",,"ID","FGG6+2PG, Kulim, Kec. Tenayan Raya, Kota Pekanbaru, Riau 28289, Indonesia","Kota Pekanbaru",,,,,,,,,"id","28289","Soto Padang Uni Elly"
"0","Restoran",,,,,,,,,,,,,,,,,,,,,"false","Restoran","0.4834402","101.5203393",,"13",,,"https://www.google.com/maps/search/?api=1&query=Fast%20Food%20Restaurant&query_place_id=ChIJn6QYQymu1TERhIPhVeD3dZY",,"Riau",,"ID","Bencah Lesung, Kec. Tenayan Raya, Kota Pekanbaru, Riau, Indonesia","Kota Pekanbaru",,,,,,,,,"id",,"Fast Food Restaurant"
"10","Restoran Padang","Rumah Makan","Restoran",,,,,"Selasa","08.00 to 00.00","Rabu","08.00 to 00.00","Kamis","08.00 to 00.00","Jumat","08.00 to 00.00","Sabtu","08.00 to 00.00","Minggu","08.00 to 00.00","Senin","08.00 to 00.00","false","Restoran Padang","0.4706916","101.532882","4.5","14",,"FGCM+75C, Jl. Lintas Sumatra","https://www.google.com/maps/search/?api=1&query=Rumah%20Makan%20Mulia%20Baru&query_place_id=ChIJCcM6cHCx1TERFcP4vvZHREQ","https://lh3.googleusercontent.com/gps-cs-s/AC9h4nr0dy94aUAO81zOU9Ym8A624OAoc64XoNSXEKY4X2jxj5pklxMd9xm7PULmqq_z_uUommUcS89cXp96c0qMZJNSOq9Fmf5Mw8rL0dNF2uxPJayuFhUOJyrUulsjRScY8iUY62HqXg=w408-h306-k-no","Riau","+62 821-7146-1147","ID","FGCM+75C, Jl. Lintas Sumatra, Kulim, Kec. Tenayan Raya, Kota Pekanbaru, Riau 28282, Indonesia","Kota Pekanbaru",,,,,,,,,"id","28282","Rumah Makan Mulia Baru"
"2","Kedai Sarapan & Makan Siang","Restoran Pempek",,,,,,"Selasa","07.00 to 23.00","Rabu","07.00 to 23.00","Kamis","07.00 to 23.00","Jumat","07.00 to 23.00","Sabtu","07.00 to 23.00","Minggu","07.00 to 23.00","Senin","07.00 to 23.00","false","Kedai Sarapan & Makan Siang","0.4750357","101.5244793","5","15",,"FGGF+2Q9","https://www.google.com/maps/search/?api=1&query=Pempek%20Ayesha%20Kulim&query_place_id=ChIJR1rfgyiv1TERXpGyqbYS-Ks","https://lh3.googleusercontent.com/gps-cs-s/AC9h4nqSmtY0HsLn978BFHgHZKzV7fgGr1EbOhYVI4a9OvOXYy2eM8BBgSL08d-bkNrEfOi5SpEHbaX0Gns51TF4qV4FVB55SEpSjd8WhNlgWdVsgQq3hs9WQKLn9_QDM_nHxgtuUkv5YA=w408-h544-k-no","Riau",,"ID","FGGF+2Q9, Kulim, Kec. Tenayan Raya, Kota Pekanbaru, Riau 28289, Indonesia","Kota Pekanbaru",,,,,,,,,"id","28289","Pempek Ayesha Kulim"
"1","Restoran Padang","Rumah Makan",,,,,,"Selasa","10.00 to 00.00","Rabu","10.00 to 00.00","Kamis","10.00 to 00.00","Jumat","10.00 to 00.00","Sabtu","10.00 to 00.00","Minggu","10.00 to 00.00","Senin","10.00 to 00.00","false","Restoran Padang","0.4757816","101.5131588","5","16",,"FGG7+877, Jl. Sepakat Perum MKP","https://www.google.com/maps/search/?api=1&query=Ampera%20Salero%20Kito&query_place_id=ChIJVbq7-g6v1TERaGJBEDmDtXg","https://streetviewpixels-pa.googleapis.com/v1/thumbnail?panoid=N4lJ15SRnS-tTIiT2YOa_w&cb_client=search.gws-prod.gps&w=408&h=240&yaw=204.26398&pitch=0&thumbfov=100","Riau","+62 813-6528-4869","ID","FGG7+877, Jl. Sepakat Perum MKP, Kulim, Kec. Tenayan Raya, Kota Pekanbaru, Riau 28289, Indonesia","Kota Pekanbaru",,,,,,,,,"id","28289","Ampera Salero Kito"
"14","Restoran Indonesia",,,,,,,"Selasa","17.00 to 01.00","Rabu","17.00 to 01.00","Kamis","17.00 to 01.00","Jumat","17.00 to 01.00","Sabtu","17.00 to 01.00","Minggu","17.00 to 01.00","Senin","17.00 to 01.00","false","Restoran Indonesia","0.4755762","101.5156652","5","17",,,"https://www.google.com/maps/search/?api=1&query=PECEL%20LELE%20AYAM%20PENYET%20WASKITO&query_place_id=ChIJGY_4SwOv1TERHF_1SFrzi_g","https://lh3.googleusercontent.com/gps-cs-s/AC9h4nrAo665Z7KysZ1pBp8qwwFLgWFQfWC5r-tlDhepreElkEFHOjL2oRl1HjaFCazTvTi0A5aoDe_6MjHVBtTtn2IZ17p2CdQ9SUpMDh2w0JNGiwg855lixHYPCSr6DknstNwJV3es=w408-h306-k-no","Riau",,"ID","Kulim, Kec. Tenayan Raya, Kota Pekanbaru, Riau, Indonesia","Kota Pekanbaru",,,,,,,,,"id",,"PECEL LELE AYAM PENYET WASKITO"
"3","Restoran Asia",,,,,,,"Selasa","Buka 24 jAM","Rabu","Buka 24 jAM","Kamis","Buka 24 jAM","Jumat","Buka 24 jAM","Sabtu","Buka 24 jAM","Minggu","Buka 24 jAM","Senin","Buka 24 jAM","false","Restoran Asia","0.4844079","101.5205388","5","18",,"Jl. Lintas Sumatra No.258, RT.4/RW.30","https://www.google.com/maps/search/?api=1&query=D%20Halal%20Dawet&query_place_id=ChIJKW57EG2v1TERoswJFL2wRGA","https://lh3.googleusercontent.com/gps-cs-s/AC9h4nqjn8J1E9AL0r_SpXWxwx91tAqaolq0G10_WzcER0Ip14XB_K7uc25uCZR2YXM1dzaqOGO_4dp4a1RDsyXpMFR0PDg4fH2ERlZKHJefJbOUwHXqn-f5PFgBSV1R2Sj8CjiyxlbC=w505-h240-k-no","Riau","+62 812-7645-1047","ID","Jl. Lintas Sumatra No.258, RT.4/RW.30, Kulim, Kec. Tenayan Raya, Kota Pekanbaru, Riau 28289, Indonesia","Kota Pekanbaru",,,,,,,,,"id","28289","D Halal Dawet"
"3","Restoran Bubur",,,,,,,,,,,,,,,,,,,,,"false","Restoran Bubur","0.4739042","101.5147362","5","19",,"FGF7+HV9","https://www.google.com/maps/search/?api=1&query=Bubur%20Ayam%20Al%20Baihaqi&query_place_id=ChIJnWv20k2v1TERintMhqz-RHI","https://streetviewpixels-pa.googleapis.com/v1/thumbnail?panoid=EnD6NE3smxSbTyhu8S1bLw&cb_client=search.gws-prod.gps&w=408&h=240&yaw=121.32108&pitch=0&thumbfov=100","Riau",,"ID","FGF7+HV9, Kulim, Kec. Tenayan Raya, Kota Pekanbaru, Riau 28289, Indonesia","Kota Pekanbaru",,,,,,,,,"id","28289","Bubur Ayam Al Baihaqi"
"1","Restoran",,,,,,,,,,,,,,,,,,,,,"false","Restoran","0.4677344","101.5160247","5","20",,,"https://www.google.com/maps/search/?api=1&query=Ampera%20Uncu%20Akbar&query_place_id=ChIJI6nJ9Nqv1TERa_E9bvTGBkA","https://streetviewpixels-pa.googleapis.com/v1/thumbnail?panoid=cFoep0NOXHW-h-7kgacTQg&cb_client=search.gws-prod.gps&w=408&h=240&yaw=8.447881&pitch=0&thumbfov=100","Riau",,"ID","Kulim, Kec. Tenayan Raya, Kota Pekanbaru, Riau, Indonesia","Kota Pekanbaru",,,,,,,,,"id",,"Ampera Uncu Akbar"
"73","Prasmanan Kue Manis dan Makanan Penutup","Kedai Sarapan & Makan Siang","Toko Makanan",,,,,"Selasa","08.00 to 21.00","Rabu","08.00 to 21.00","Kamis","08.00 to 21.00","Jumat","08.00 to 21.00","Sabtu","08.00 to 21.00","Minggu","08.00 to 21.00","Senin","08.00 to 21.00","false","Prasmanan Kue Manis dan Makanan Penutup","0.4931879","101.4699918","4.6","21",,"Jl. Wijaya Kusuma No.25","https://www.google.com/maps/search/?api=1&query=ToYou%20Kitchen%20%26%20Patisserie%20(Dapur%20Produksi)&query_place_id=ChIJs2tEDD-v1TER_2ihIapJYIY","https://lh3.googleusercontent.com/p/AF1QipNGyaALO0oe01KH4IU1rEVpUmrNRV5RCZEyXMXB=w408-h306-k-no","Riau",,"ID","Jl. Wijaya Kusuma No.25, Tengkerang Labuai, Kec. Bukit Raya, Kota Pekanbaru, Riau 28281, Indonesia","Kota Pekanbaru","https://lynk.id/toyou.kitchen",,,"61","6","4","1","1","id","28281","ToYou Kitchen & Patisserie (Dapur Produksi)"
"71","Restoran Masakan Perpaduan","Restoran Masakan Ayam",,,,,,"Selasa","Buka 24 jAM","Rabu","Buka 24 jAM","Kamis","Buka 24 jAM","Jumat","Buka 24 jAM","Sabtu","Buka 24 jAM","Minggu","Buka 24 jAM","Senin","Buka 24 jAM","false","Restoran Masakan Perpaduan","0.4965975","101.4712335","4.8","22",,"Jl. Harapan Baru No.53D","https://www.google.com/maps/search/?api=1&query=Shaqueena%20Kukuruyuk%20(Ratunya%20Ayam%20Bakar%20Pekanbaru)&query_place_id=ChIJedK_g2qv1TERzemN9Plj_6o","https://lh3.googleusercontent.com/p/AF1QipNt-ovRor1kmlRe3wAQ0Cmg7qK8JQkW0kc5Gy9U=w408-h492-k-no","Riau","+62 813-6261-3919","ID","Jl. Harapan Baru No.53D, Tengkerang Labuai, Kec. Bukit Raya, Kota Pekanbaru, Riau 28126, Indonesia","Kota Pekanbaru",,,,"61","6","0","4","0","id","28126","Shaqueena Kukuruyuk (Ratunya Ayam Bakar Pekanbaru)"
"821","Restoran Ikan Bakar","Restoran ayam penyet","Restoran Bakso","Restoran Martabak","Restoran Pecel Lele","Restoran soto","Restoran Sup","Selasa","07.00 to 23.00","Rabu","07.00 to 23.00","Kamis","07.00 to 23.00","Jumat","07.00 to 23.00","Sabtu","07.00 to 23.00","Minggu","07.00 to 23.00","Senin","07.00 to 23.00","false","Restoran Ikan Bakar","0.500453","101.47008","4.2","32","$$","Jl. Darussalam Kelurahan No.247","https://www.google.com/maps/search/?api=1&query=Pondok%20Lesehan%20RM%20Ulakan&query_place_id=ChIJFe0MzY2u1TERMEHp6Q-AfZw","https://lh3.googleusercontent.com/p/AF1QipMXH7u2BBbhCJuhtjP-5_0nvc7JFFNzgDKbFYQp=w408-h306-k-no","Riau","+62 813-6555-2588","ID","Jl. Darussalam Kelurahan No.247, Tengkerang Utara, Kec. Bukit Raya, Kota Pekanbaru, Riau 28288, Indonesia","Kota Pekanbaru",,,,"446","205","40","111","19","id","28288","Pondok Lesehan RM Ulakan"
"76","Restoran Hamburger","Restoran Cepat Saji",,,,,,"Selasa","07.00 to 22.00","Rabu","07.00 to 22.00","Kamis","07.00 to 22.00","Jumat","07.00 to 22.00","Sabtu","07.00 to 22.00","Minggu","07.00 to 22.00","Senin","07.00 to 22.00","false","Restoran Hamburger","0.4902484","101.4882531","4.3","33",,"Jl. Bukit Barisan No.65","https://www.google.com/maps/search/?api=1&query=Ladziz%20Burger&query_place_id=ChIJLZ6QBVuu1TERuBqde0BEtAU","https://lh3.googleusercontent.com/gps-cs-s/AC9h4nobWySLNeOlBsCTpA-NF8AJSKlCVPF2wZs4AQRk7xd9lNRl60F_xtdIlgqPfu63GvVmwkjMRqbB1EHddO2Q5j1VRN6jOFdfvE5SgasuUgRwWwhdyAzGRB2J5a9_kiWD3XYF8Y8n=w426-h240-k-no","Riau","+62 813-6532-7253","ID","Jl. Bukit Barisan No.65, Tengkerang Tim., Kec. Tenayan Raya, Kota Pekanbaru, Riau 28131, Indonesia","Kota Pekanbaru",,,,"47","14","5","9","1","id","28131","Ladziz Burger"
"29","Restoran Padang",,,,,,,"Selasa","08.00 to 21.30","Rabu","08.00 to 21.30","Kamis","08.00 to 21.30","Jumat","08.00 to 21.30","Sabtu","08.00 to 21.30","Minggu","08.00 to 21.30","Senin","08.00 to 21.30","false","Restoran Padang","0.4941246","101.4852137","4.3","36",,"Jl. Harapan Raya No.376","https://www.google.com/maps/search/?api=1&query=RM.%20Lintau&query_place_id=ChIJCwPrYl6u1TERpvG4WvcaMgs","https://streetviewpixels-pa.googleapis.com/v1/thumbnail?panoid=fYc0KCvnbpUejqozJjnRbA&cb_client=search.gws-prod.gps&w=408&h=240&yaw=143.74428&pitch=0&thumbfov=100","Riau",,"ID","Jl. Harapan Raya No.376, Tengkerang Tim., Kec. Tenayan Raya, Kota Pekanbaru, Riau 28131, Indonesia","Kota Pekanbaru",,,,"13","12","0","3","1","id","28131","RM. Lintau"
"7","Restoran Padang","Rumah Makan",,,,,,"Selasa","09.00 to 19.00","Rabu","09.00 to 19.00","Kamis","09.00 to 19.00","Jumat","09.00 to 19.00","Sabtu","09.00 to 19.00","Minggu","09.00 to 19.00","Senin","09.00 to 19.00","false","Restoran Padang","0.4964519","101.4728796","4.9","37",,"Jl. Kelapa Sawit No.Kelurahan","https://www.google.com/maps/search/?api=1&query=Ampera%20bukit%20langkisau&query_place_id=ChIJ6_oRDMqv1TERAt9H5fVVltQ","https://streetviewpixels-pa.googleapis.com/v1/thumbnail?panoid=cRSVN6l16DDjjGcLIVTehQ&cb_client=search.gws-prod.gps&w=408&h=240&yaw=89.83991&pitch=0&thumbfov=100","Riau","+62 812-6817-7272","ID","Jl. Kelapa Sawit No.Kelurahan, Tengkerang Labuai, Kec. Bukit Raya, Kota Pekanbaru, Riau 28126, Indonesia","Kota Pekanbaru",,,,"6","1","0","0","0","id","28126","Ampera bukit langkisau"
"3","Restoran takeaway ayam goreng","Restoran Cepat Saji",,,,,,"Selasa","06.00 to 23.00","Rabu","06.00 to 23.00","Kamis","06.00 to 23.00","Jumat","06.00 to 23.00","Sabtu","06.00 to 23.00","Minggu","06.00 to 23.00","Senin","06.00 to 23.00","false","Restoran takeaway ayam goreng","0.4880472","101.5045224","4.7","39",,"FGQ3+6R6, Jl. Singgalang","https://www.google.com/maps/search/?api=1&query=Moeslim%20Fried%20Chicken&query_place_id=ChIJx_Mvfi2v1TERM2tMdOGrrDE","https://streetviewpixels-pa.googleapis.com/v1/thumbnail?panoid=WJuesfNskgoWXMvDa7e-yA&cb_client=search.gws-prod.gps&w=408&h=240&yaw=50.333435&pitch=0&thumbfov=100","Riau","+62 813-7400-0842","ID","FGQ3+6R6, Jl. Singgalang, Tengkerang Tim., Kec. Tenayan Raya, Kota Pekanbaru, Riau 28131, Indonesia","Kota Pekanbaru",,,,"2","1","0","0","0","id","28131","Moeslim Fried Chicken"
"211","Restoran Padang","Rumah Makan","Restoran Sunda",,,,,"Selasa","12.15 to 23.50","Rabu","12.15 to 23.50","Kamis","12.15 to 23.50","Jumat","12.15 to 23.50","Sabtu","12.15 to 23.50","Minggu","12.15 to 23.50","Senin","12.15 to 23.50","false","Restoran Padang","0.5003093","101.4769458","4.4","40","$","Jl. Harapan Raya No.18","https://www.google.com/maps/search/?api=1&query=Nasi%20Ampera%20Lintau&query_place_id=ChIJUVfpNoqu1TEROyX4aMBWpfY","https://lh3.googleusercontent.com/gps-cs-s/AC9h4nrLadLBcKdwc2peQWkfv3Iv3UabvmW8l0QCa913jMz5-DMnEqD6jCf_hD5oeic9Ep3eIkRXYEWq1_ukyhCes5Tso2AFWZ5I0gEwP9tTh099bD7x1wp84eeSMbLI0BmERgYoVt7ftQ=w533-h240-k-no","Riau","+62 823-8775-1887","ID","Jl. Harapan Raya No.18, Tengkerang Utara, Kec. Bukit Raya, Kota Pekanbaru, Riau 28126, Indonesia","Kota Pekanbaru",,,,"132","50","7","19","3","id","28126","Nasi Ampera Lintau"
"1","Restoran Nasi Goreng",,,,,,,,,,,,,,,,,,,,,"false","Restoran Nasi Goreng","0.481944","101.5081925","5","23",,"FGJ5+Q7G, Jl. Sepakat","https://www.google.com/maps/search/?api=1&query=Nasi%20Goreng%20Agung%20Jaya&query_place_id=ChIJQ6xlDACv1TERkHLXmQ0LdOs","https://lh3.googleusercontent.com/gps-cs-s/AC9h4nol_JG3kFKI8NepLc37Ms88D8efSU0rJuJtfsTXTPPKi8dYnGVFrpJH7LpoO-x18hkh7vxtzJ1RsQIdevfhi-KfQar8z3LWjmQQDOR3edNigzyBWvaA8y060CIlq60YW1d8dfU=w408-h725-k-no","Riau",,"ID","FGJ5+Q7G, Jl. Sepakat, Tengkerang Tim., Kec. Tenayan Raya, Kota Pekanbaru, Riau 28131, Indonesia","Kota Pekanbaru",,,,"1","0","0","0","0","id","28131","Nasi Goreng Agung Jaya"
"2","Kedai Sarapan & Makan Siang",,,,,,,,,,,,,,,,,,,,,"false","Kedai Sarapan & Makan Siang","0.4788626","101.508808","5","25",,"Jl. Tunas Jaya No.74","https://www.google.com/maps/search/?api=1&query=LAPAU%20RAINI&query_place_id=ChIJT-C3YQCv1TER8SoI9DXeFJM","https://lh3.googleusercontent.com/gps-cs-s/AC9h4nqqP52doVWOp59dN0NYaaqnXEdeb7x-CazYDT9npzdGXpwBexpUlP2DTfSzc8vbraxO_Am8hcUXUgVhHKs48gQL9_tJnkGPt5xanUVzXJUTlV7Z2iZBT6x9Hr_U2yGDWKs4nM4t4w=w408-h544-k-no","Riau",,"ID","Jl. Tunas Jaya No.74, Tengkerang Tim., Kec. Tenayan Raya, Kota Pekanbaru, Riau 28289, Indonesia","Kota Pekanbaru",,,,"2","0","0","0","0","id","28289","LAPAU RAINI"
"2","Restoran Masakan Perpaduan","Restoran Keluarga",,,,,,"Selasa","06.00 to 22.00","Rabu","06.00 to 22.00","Kamis","06.00 to 22.00","Jumat","06.00 to 22.00","Sabtu","06.00 to 22.00","Minggu","06.00 to 22.00","Senin","06.00 to 22.00","false","Restoran Masakan Perpaduan","0.4636146","101.5070306","5","28",,"Perum ikhwan pratama, Jl. Pesantren blok L 9","https://www.google.com/maps/search/?api=1&query=Dapur%20rumah%20ibu&query_place_id=ChIJa8CzQ6-v1TERzpdeEwQ-1k0","https://lh3.googleusercontent.com/gps-cs-s/AC9h4notpS27B65PEzTLfAiuD1W3Nfv1uC78lgUbBFT7yBRtcRTCVOZ20VHjVvvqHy4LSh45bvTsU8WUWZ8zZQP_0B0jScMGTBcmVLF7_fpk8WfpfiYSmX7s99VR5jaJfqkD2cj3gHc=w426-h240-k-no","Riau","+62 812-6828-4002","ID","Perum ikhwan pratama, Jl. Pesantren blok L 9, Kulim, Kec. Tenayan Raya, Kota Pekanbaru, Riau 28111, Indonesia","Kota Pekanbaru",,,,"2","0","0","0","0","id","28111","Dapur rumah ibu"
"13","Rumah Makan","Kedai Sarapan","Restoran Masakan Ayam",,,,,"Selasa","06.45 to 21.00","Rabu","06.45 to 21.00","Kamis","06.45 to 21.00","Jumat","06.45 to 21.00","Sabtu","06.45 to 21.00","Minggu","06.45 to 21.00","Senin","06.45 to 21.00","false","Rumah Makan","0.4816416","101.5051392","4.8","29",,"perum TBI, Jl bukit barisan, Jl. Cendana III Blk. C No.perum","https://www.google.com/maps/search/?api=1&query=Sarapan%20pagi%20%2C%20ayam%20bakar%20Mae&query_place_id=ChIJmVs4ke6v1TERy91IlHp2mj4","https://lh3.googleusercontent.com/p/AF1QipMYZnWZEvvimk_rTlEfv0Yf_dZ13FqzsDb3p8Nh=w426-h240-k-no","Riau",,"ID","perum TBI, Jl bukit barisan, Jl. Cendana III Blk. C No.perum, Tengkerang Tim., Kec. Tenayan Raya, Kota Pekanbaru, Riau 28289, Indonesia","Kota Pekanbaru",,,,"12","0","0","1","0","id","28289","Sarapan pagi , ayam bakar Mae"
"4","Restoran Seafood",,,,,,,,,,,,,,,,,,,,,"false","Restoran Seafood","0.4809703","101.5091269","4.5","32",,"FGJ5+9MJ, Jl. Sepakat Perum MKP, RT.4/RW.30","https://www.google.com/maps/search/?api=1&query=%22Bude%20Lami%22%20Sea%20Food&query_place_id=ChIJMS5lmDOu1TERP9TRE8vSstI","https://lh3.googleusercontent.com/gps-cs-s/AC9h4noI3cIkOUVZm3K1updNLVZ1cpRzuhA-4zWt-6aJ8ymBCG6h9xezQEbONs7VqmsuJipjqwrJNVhaSW-mWeOJvNCLUljFncD2biD9hpSZpCsAk2Fn0nfKJOOpfcBtz7LplWmpvA_IKQ=w426-h240-k-no","Riau",,"ID","FGJ5+9MJ, Jl. Sepakat Perum MKP, RT.4/RW.30, Tengkerang Tim., Kec. Tenayan Raya, Kota Pekanbaru, Riau 28289, Indonesia","Kota Pekanbaru",,,,"2","2","0","0","0","id","28289","""Bude Lami"" Sea Food"
"15","Restoran Padang","Restoran Ikan Bakar",,,,,,"Selasa","09.00 to 22.30","Rabu","09.00 to 22.30","Kamis","09.00 to 22.30","Jumat","09.00 to 22.30","Sabtu","09.00 to 22.30","Minggu","09.00 to 22.30","Senin","09.00 to 22.30","false","Restoran Padang","0.4669067","101.558751","4.3","36",,"Jl. Lintas Sumatra No.km 19","https://www.google.com/maps/search/?api=1&query=Tanjung%20family&query_place_id=ChIJZR-_MByx1TER1XddUtnow5w","https://lh3.googleusercontent.com/gps-cs-s/AC9h4nqG5FtrodgeSY78xfKK-HyBZ8vWCDTVJBGjJP6ioP1I0MuLEWkGnQM8h8L4BErN0Sz9vs4xd7MHCBuSTzfA7gwtSBjDzCcwKMmeGPguJ7XWS4l0SDkUNVpqx-RqJo-BU-Lqb396=w408-h725-k-no","Riau","+62 822-9780-7858","ID","Jl. Lintas Sumatra No.km 19, Kulim, Kec. Tenayan Raya, Kota Pekanbaru, Riau 28286, Indonesia","Kota Pekanbaru",,,,"8","4","0","2","1","id","28286","Tanjung family"
"38","Restoran Sunda","Restoran Padang",,,,,,"Selasa","08.00 to 22.00","Rabu","08.00 to 22.00","Kamis","08.00 to 22.00","Jumat","08.00 to 22.00","Sabtu","08.00 to 22.00","Minggu","08.00 to 22.00","Senin","08.00 to 22.00","false","Restoran Sunda","0.4643681","101.5248515","4.1","37",,"FG7F+PWX, Jl. Lintas Sumatra","https://www.google.com/maps/search/?api=1&query=Ampera&query_place_id=ChIJqYBxVSew1TERe_qIh97RSt0","https://lh3.googleusercontent.com/gps-cs-s/AC9h4npW4RNzF4sNtekczMQFVrqhJWZXqTCgoXGfncb1OKQnSCM5nRpmSL69pQZwfoihavOBuudCGt33_NyAGMKdh2MKaGXiRmEzSgNw4GV8PYYeqqi6wkPxochPC4ecibDrSj09lo3i=w408-h306-k-no","Riau",,"ID","FG7F+PWX, Jl. Lintas Sumatra, Kulim, Kec. Tenayan Raya, Kota Pekanbaru, Riau 28289, Indonesia","Kota Pekanbaru",,,,"21","8","3","5","1","id","28289","Ampera"
"3","Kedai Sarapan & Makan Siang","Restoran ikan",,,,,,"Selasa","08.00 to 21.56","Rabu","08.00 to 21.56","Kamis","08.00 to 21.56","Jumat","08.00 to 21.56","Sabtu","08.00 to 21.56","Minggu","Tutup","Senin","08.00 to 21.56","false","Kedai Sarapan & Makan Siang","0.4834889","101.5046798","5","38",,"FGM3+9VV, Jl. Bukit Barisan","https://www.google.com/maps/search/?api=1&query=Masakan%20rumahan%20ikan%20asin%20ni%20len&query_place_id=ChIJ6wZOqFOv1TERA8dWapB7WVk","https://streetviewpixels-pa.googleapis.com/v1/thumbnail?panoid=KFlqR46CEP2r76vm-gfdgQ&cb_client=search.gws-prod.gps&w=408&h=240&yaw=5.7838807&pitch=0&thumbfov=100","Riau","+62 823-8943-6390","ID","FGM3+9VV, Jl. Bukit Barisan, Tengkerang Tim., Kec. Tenayan Raya, Kota Pekanbaru, Riau 28289, Indonesia","Kota Pekanbaru",,,,"3","0","0","0","0","id","28289","Masakan rumahan ikan asin ni len"
"19","Restoran Pecel Lele","Rumah Makan","Restoran Jawa",,,,,"Selasa","04.00 to 02.00","Rabu","04.00 to 02.00","Kamis","04.00 to 02.00","Jumat","04.00 to 02.00","Sabtu","04.00 to 02.00","Minggu","04.00 to 00.00","Senin","04.00 to 02.00","false","Restoran Pecel Lele","0.4808846","101.5090397","4.7","39",,"Jl. Sepakat Perum MKP No.152","https://www.google.com/maps/search/?api=1&query=Pecel%20Lele%20Mbak%20Ayu&query_place_id=ChIJ6eFrCzOu1TER2eIg0gb1lyM","https://lh3.googleusercontent.com/gps-cs-s/AC9h4npAS6Et0IAFulwXu3huMfGZavMRI1XgyP5fu0ZXbzq6p_KxDl62HJIkrLEW4qXcQQ_9CSuU12CWKy4EgpGDyvbJANErp6BbMDx12haz-SCyevMtHs2EW-yMUheMZr4IH33hZDmf=w426-h240-k-no","Riau","+62 852-6325-0853","ID","Jl. Sepakat Perum MKP No.152, Tengkerang Tim., Kec. Tenayan Raya, Kota Pekanbaru, Riau 28289, Indonesia","Kota Pekanbaru",,,,"15","3","0","1","0","id","28289","Pecel Lele Mbak Ayu"
"140","Restoran Padang","Restoran Indonesia",,,,,,"Selasa","09.00 to 22.00","Rabu","09.00 to 22.00","Kamis","09.00 to 22.00","Jumat","09.00 to 22.00","Sabtu","09.00 to 22.00","Minggu","09.00 to 22.00","Senin","09.00 to 22.00","false","Restoran Padang","0.5010906","101.4732463","4.3","41",,"GF2F+C7Q, Jl. Darussalam","https://www.google.com/maps/search/?api=1&query=RM%20Ampera%20Bukit%20Tinggi&query_place_id=ChIJUxZtBIyu1TERd1OAMmanSPQ","https://lh3.googleusercontent.com/gps-cs-s/AC9h4npFschjuwCVlb1z95LtkXgd2lMSbfmJnIIXpaRSnJ06MAVKy9ysP_D-XA8jhW1JBZ32e83nvvsOWvvQocwuVUXHbtuXAKbUUOyGPLzmghsBztB1bjamwGhRRGJXB5gY-viUZ0zl9w=w408-h306-k-no","Riau",,"ID","GF2F+C7Q, Jl. Darussalam, Tengkerang Utara, Kec. Bukit Raya, Kota Pekanbaru, Riau 28131, Indonesia","Kota Pekanbaru",,,,"80","37","6","15","2","id","28131","RM Ampera Bukit Tinggi"
"3","Restoran Cepat Saji",,,,,,,,,,,,,,,,,,,,,"false","Restoran Cepat Saji","0.5147154","101.4878474","5","43",,,"https://www.google.com/maps/search/?api=1&query=Fast%20Food%20Restaurant&query_place_id=ChIJ69bwh3iu1TERUHqWh3GB39s","https://lh3.googleusercontent.com/gps-cs-s/AC9h4npaA0mXT4L_VUxjfGl-fh4QxVzz8OYMicfXmyRe9PBHJjj6_cZZFhDFRI6BLE5mhwhTrM1yzzQtLwfb3N4uz9XKQJ4xoKFgajzVgDX-GcNMG1MsU9NW4xR9Z-rNYYNagKg7TIdV=w408-h544-k-no","Riau",,"ID","Bencah Lesung, Kec. Tenayan Raya, Kota Pekanbaru, Riau, Indonesia","Kota Pekanbaru",,,,"3","0","0","0","0","id",,"Fast Food Restaurant"
"67","Restoran Padang","Rumah Makan",,,,,,"Selasa","06.00 to 22.00","Rabu","06.00 to 22.00","Kamis","06.00 to 22.00","Jumat","06.00 to 22.00","Sabtu","06.00 to 22.00","Minggu","06.00 to 22.00","Senin","06.00 to 22.00","false","Restoran Padang","0.5176201","101.4841461","4.5","45","$","Jl. Hangtuah No.106","https://www.google.com/maps/search/?api=1&query=Rumah%20Makan%20Aroma%20Cempaka&query_place_id=ChIJnySCPy6s1TERXuuSL1BJRyw","https://lh3.googleusercontent.com/p/AF1QipMvX12HSTbxJJt35P5RFMjlL_B3m-VHz_JAOxVU=w408-h306-k-no","Riau","+62 822-8624-8840","ID","Jl. Hangtuah No.106, Rejosari, Kec. Tenayan Raya, Kota Pekanbaru, Riau 28131, Indonesia","Kota Pekanbaru",,,,"49","9","3","5","1","id","28131","Rumah Makan Aroma Cempaka"
"53","Restoran Padang","Rumah Makan",,,,,,"Selasa","08.00 to 22.00","Rabu","08.00 to 22.00","Kamis","08.00 to 22.00","Jumat","08.00 to 22.00","Sabtu","08.00 to 22.00","Minggu","08.00 to 22.00","Senin","08.00 to 22.00","false","Restoran Padang","0.4884274","101.5179892","4.4","47",,"Jl. Lintas Sumatra No.Km.11","https://www.google.com/maps/search/?api=1&query=Ampera%20Berkah&query_place_id=ChIJi87neYWv1TERGwMVk9Sdfg0","https://lh3.googleusercontent.com/gps-cs-s/AC9h4nrnxdyd2IX3ZrR9Ff3BdEiqnHYYThdrkooOK-K7cgpd1XDTWsGYcMqofSz85FvrCDlRabecKEzRfOiBm1ghPz5kvUn2pQoHW_Li6zAapUaFbuPCtfywDLDfA3I5ai9POcA6k7GmTA=w425-h240-k-no","Riau","+62 853-5591-7247","ID","Jl. Lintas Sumatra No.Km.11, Sialang Sakti, Kec. Tenayan Raya, Kota Pekanbaru, Riau 28285, Indonesia","Kota Pekanbaru",,,,"35","9","2","6","1","id","28285","Ampera Berkah"
"1","Restoran Sate",,,,,,,,,,,,,,,,,,,,,"false","Restoran Sate","0.506108","101.4989819","5","48",,"depan new hotel, Jl. Hangtuah","https://www.google.com/maps/search/?api=1&query=Sate%20sungayang%20jaya%20jr%204&query_place_id=ChIJv_F8Qzav1TERzqNqbSwYOqk","https://streetviewpixels-pa.googleapis.com/v1/thumbnail?panoid=cQLqBIIGQgSBSSR31YOlRw&cb_client=search.gws-prod.gps&w=408&h=240&yaw=205.4664&pitch=0&thumbfov=100","Riau","+62 822-8453-6819","ID","depan new hotel, Jl. Hangtuah, Bencah Lesung, hollie, Kota Pekanbaru, Riau 28131, Indonesia","Kota Pekanbaru",,,,"1","0","0","0","0","id","28131","Sate sungayang jaya jr 4"
"3","Restoran Sate",,,,,,,"Selasa","15.00 to 00.00","Rabu","15.00 to 00.00","Kamis","15.00 to 00.00","Jumat","15.00 to 00.00","Sabtu","15.00 to 00.00","Minggu","15.00 to 00.00","Senin","15.00 to 00.00","false","Restoran Sate","0.4960204","101.5014521","5","49",,"FGW2+CH4, Jl. Imam Munandar","https://www.google.com/maps/search/?api=1&query=Sate%20Pariaman%20kota%20Tabuik%20(ajo%20mudo)&query_place_id=ChIJE3ieIK-v1TERDrf9-_Tk-JA","https://lh3.googleusercontent.com/gps-cs-s/AC9h4novAPGSx2rbty1pcL2rVBFhORAkOf-QBVUxLE8wv-6VN5ZXVByh2nqylXwnrCI0_nqXTtOhXQXJb8I0gOIKQ6LtpH7KZHm2j3uHIJwLOFf19Ghex8DHwM9N7qlGVJkqX17p8lUYxA=w408-h725-k-no","Riau","+62 831-8102-0171","ID","FGW2+CH4, Jl. Imam Munandar, Tengkerang Tim., Kec. Tenayan Raya, Kota Pekanbaru, Riau 28282, Indonesia","Kota Pekanbaru","https://www.facebook.com/wilnaagustin.wilnaagustin",,,"3","0","0","0","0","id","28282","Sate Pariaman kota Tabuik (ajo mudo)"
"310","Restoran Pizza","Layanan Pesan-Antar Pizza","Stan Pizza",,,,,"Selasa","10.00 to 00.00","Rabu","10.00 to 00.00","Kamis","10.00 to 00.00","Jumat","10.00 to 00.00","Sabtu","10.00 to 00.00","Minggu","10.00 to 00.00","Senin","10.00 to 00.00","false","Restoran Pizza","0.5008163","101.4723787","4.4","50","$$","Jl. Harapan Raya No.253, Tengkerang Labuai Kec. Bukit Raya","https://www.google.com/maps/search/?api=1&query=Domino's%20Pizza&query_place_id=ChIJ300rq7ev1TERibx6ZN9Z4kY","https://lh3.googleusercontent.com/gps-cs-s/AC9h4nof4SV6se1Mv6-hg6_B8W5pbdxvjyavXy_9IMJ4TeuxiPF0fR11xLeL7H8cO1937CL6tSoLb20rIAXXJZBLcnSUWbV9IS01r0K9phX2kaUl39AjbfhtyguZDc-h_S4uavO32l4S=w408-h544-k-no","Riau","+62 1 500 366","ID","Jl. Harapan Raya No.253, Tengkerang Labuai Kec. Bukit Raya, Kec. Sukajadi, Kota Pekanbaru, Riau 28126, Indonesia","Kota Pekanbaru","https://pizza-restoran.dominos.co.id/domino-s-pizza-dominos-harapan-raya-pekanbaru-pizza-restaurant-sukajadi-pekanbaru-171534/Home?utm_source=locator&utm_medium=googleplaces","Franchise pesan antar/bawa pulang dengan berbagai macam piza & beragam hidangan & makanan pendamping lainnya.",,"225","44","23","14","4","id","28126","Domino's Pizza"
"2","Restoran Padang",,,,,,,"Selasa","10.00 to 22.00","Rabu","10.00 to 22.00","Kamis","10.00 to 22.00","Jumat","10.00 to 22.00","Sabtu","10.00 to 22.00","Minggu","10.00 to 22.00","Senin","10.00 to 22.00","false","Restoran Padang","0.5012392","101.4716688","5","51",,"Jl. Banda Aceh No.19","https://www.google.com/maps/search/?api=1&query=Ampera%20Ona&query_place_id=ChIJiX01Joyu1TER1xTnCmEnxJo","https://streetviewpixels-pa.googleapis.com/v1/thumbnail?panoid=Z9JOba-0vtN5phk3dztSyg&cb_client=search.gws-prod.gps&w=408&h=240&yaw=247.00381&pitch=0&thumbfov=100","Riau","+62 812-7515-2111","ID","Jl. Banda Aceh No.19, Tengkerang Utara, Kec. Bukit Raya, Kota Pekanbaru, Riau 28126, Indonesia","Kota Pekanbaru",,,,"2","0","0","0","0","id","28126","Ampera Ona"
"17","Restoran Sate",,,,,,,"Selasa","13.00 to 23.30","Rabu","13.00 to 23.30","Kamis","13.00 to 23.30","Jumat","13.00 to 23.30","Sabtu","13.00 to 23.30","Minggu","13.00 to 23.30","Senin","13.00 to 23.30","false","Restoran Sate","0.4948432","101.4840996","4.1","52",,"Jl. Harapan Raya No.325f","https://www.google.com/maps/search/?api=1&query=Sate%20YSL%20Pekanbaru%20Harapan%20Raya&query_place_id=ChIJX6ZgNp2v1TERuShbtzKrJpc","https://lh3.googleusercontent.com/gps-cs-s/AC9h4nreSiU0XfpujOLPFCQ4mM4HCn6VHC8FjatTP6bfvlccjFkciJxlnH7GLTsUB4t4wktqOsoDxk9ynd31-6uOx9MgLAguDXJnZ5nnW3gAKhYu9ZO3xBlxHx3DGtirpzw3643Met0=w408-h544-k-no","Riau",,"ID","Jl. Harapan Raya No.325f, Tengkerang Tim., Kec. Tenayan Raya, Kota Pekanbaru, Riau 28131, Indonesia","Kota Pekanbaru",,,,"9","4","1","2","1","id","28131","Sate YSL Pekanbaru Harapan Raya"
"138","Restoran Padang","Rumah Makan",,,,,,"Selasa","09.00 to 22.00","Rabu","09.00 to 22.00","Kamis","09.00 to 22.00","Jumat","09.00 to 22.00","Sabtu","09.00 to 22.00","Minggu","09.00 to 22.00","Senin","09.00 to 22.00","false","Restoran Padang","0.4913817","101.4867522","4.3","53","$","Jl. Bukit Barisan No.Kelurahan","https://www.google.com/maps/search/?api=1&query=Rumah%20Makan%20Bagonjong&query_place_id=ChIJ8azPk1uu1TERU1SLW1emBR4","https://lh3.googleusercontent.com/gps-cs-s/AC9h4nqTjFamHHEnOonymQ3en1ieD36e4U_5l5ljXKW6nvdaenVO2Gq3FtvKe_72sKbesY5rU6xl2acymr9suyveYc_UeCEt6NGWIoMyS5pqzvXBJcarSCUaHA9n9XQs_zKYmapmB8Zl=w408-h306-k-no","Riau","+62 812-6131-0336","ID","Jl. Bukit Barisan No.Kelurahan, Tengkerang Tim., Kec. Tenayan Raya, Kota Pekanbaru, Riau 28131, Indonesia","Kota Pekanbaru",,,,"79","37","4","15","3","id","28131","Rumah Makan Bagonjong"
"284","Restoran Padang","Rumah Makan",,,,,,"Selasa","06.30 to 22.00","Rabu","06.30 to 22.00","Kamis","06.30 to 22.00","Jumat","06.30 to 22.00","Sabtu","06.30 to 22.00","Minggu","06.30 to 22.00","Senin","06.30 to 22.00","false","Restoran Padang","0.5046353","101.501556","4.3","54","$$","Jl. Hangtuah","https://www.google.com/maps/search/?api=1&query=RUMAH%20MAKAN%20BUNDA%202&query_place_id=ChIJtUf9NW2u1TERtBI52_sljcQ","https://lh3.googleusercontent.com/gps-cs-s/AC9h4nqZZxjGASwjGarWz_kqGraZxa-1-YIMRFl2xubj8GgU-PnzOiDLnfvotINH_QawMxGnOKZOQLY9p6M7c1BkRRm02DXfr39SN2aOq5KG2X08LzlG-lLeXISBWCw0pZ24hhvODaJP=w408-h544-k-no","Riau","+62 822-8929-0942","ID","Jl. Hangtuah, Sialang Sakti, Kec. Tenayan Raya, Kota Pekanbaru, Riau 28131, Indonesia","Kota Pekanbaru",,,,"173","57","15","28","11","id","28131","RUMAH MAKAN BUNDA 2"
"4","Restoran Dim Sum",,,,,,,"Selasa","10.00 to 21.00","Rabu","10.00 to 21.00","Kamis","10.00 to 21.00","Jumat","09.00 to 21.00","Sabtu","10.00 to 21.00","Minggu","10.00 to 21.00","Senin","10.00 to 21.00","false","Restoran Dim Sum","0.5051975","101.4867345","4","55",,"Jl. Moroseneng","https://www.google.com/maps/search/?api=1&query=Dimsum.pku&query_place_id=ChIJY6MkVJCv1TERUFRR2SOzuuo","https://lh3.googleusercontent.com/gps-cs-s/AC9h4nquofwcQ9vX8sfFZnYoMWuhxkAtnCqAbdvfZBV6_JdHSYTU8VdArHZrKM7MrfQcPOB9ko5Fw1hzPt17uWvYgOgQk_HFcBQY3P4PiaRizAZp7_VZiGwLAggR9jgY4ylgr_647tZ3=w408-h544-k-no","Riau","+62 853-6328-6566","ID","Jl. Moroseneng, Bencah Lesung, Kec. Tenayan Raya, Kota Pekanbaru, Riau 28131, Indonesia","Kota Pekanbaru",,,,"3","0","1","0","0","id","28131","Dimsum.pku"
"1","Restoran Nasi Goreng",,,,,,,,,,,,,,,,,,,,,"false","Restoran Nasi Goreng","0.5056847","101.500252","5","56",,"GG42+83P","https://www.google.com/maps/search/?api=1&query=Nasi%20Goreng%20Ulya%202&query_place_id=ChIJ241dOACv1TERC1CX3-KyuRY","https://lh3.googleusercontent.com/gps-cs-s/AC9h4nrJjHKgAAS6IhvXfX-zCbKC9MBUot_dtZ6x1ewtOjLpZbtZEqZrZlosc9x7tfUkZrIkSMqwmC8oDENGrVIJbDXeNB1KJcIhiK4qtczSnGrMFo1AGZKKOs5arI_4UhMGo_PfLUgc=w408-h725-k-no","Riau",,"ID","GG42+83P, Bencah Lesung, Kec. Tenayan Raya, Kota Pekanbaru, Riau 28131, Indonesia","Kota Pekanbaru",,,,"1","0","0","0","0","id","28131","Nasi Goreng Ulya 2"
"22","Restoran Betawi","Restoran Nasi Uduk",,,,,,"Selasa","15.00 to 00.30","Rabu","15.00 to 00.30","Kamis","15.00 to 00.30","Jumat","15.00 to 00.30","Sabtu","15.00 to 00.30","Minggu","15.00 to 00.30","Senin","15.00 to 00.30","false","Restoran Betawi","0.4906671","101.4872636","4.2","57",,"Jl. Bukit Barisan","https://www.google.com/maps/search/?api=1&query=Waroeng%20Nasi%20Uduk%20Cak%20Ari&query_place_id=ChIJOzZzo1uu1TERAddRW0pFA50","https://lh3.googleusercontent.com/gps-cs-s/AC9h4nrgupXiRW5co2oO9UsA7badD2d2vw9bOGLLChX3yMTtBH5nwnZu0CMk8K1c3GuOh_VE7t3ivhJrgnyH6r0DHB_4ic2YszXhK3J9EuFbDU93kvShF3OAOY9YvzpFJU9mqgQCaA=w408-h306-k-no","Riau",,"ID","Jl. Bukit Barisan, Tengkerang Tim., Kec. Tenayan Raya, Kota Pekanbaru, Riau 28131, Indonesia","Kota Pekanbaru",,,,"12","6","2","2","0","id","28131","Waroeng Nasi Uduk Cak Ari"
"1","Restoran Padang","Rumah Makan",,,,,,"Selasa","07.00 to 22.00","Rabu","07.00 to 22.00","Kamis","07.00 to 22.00","Jumat","07.00 to 22.00","Sabtu","07.00 to 22.00","Minggu","07.00 to 22.00","Senin","07.00 to 22.00","false","Restoran Padang","0.4944298","101.4843212","5","58",,"Jl. Imam Munandar No.42","https://www.google.com/maps/search/?api=1&query=RM.%20Ampera%20Lintau%20Uni%20Jas&query_place_id=ChIJfeQWUz-v1TERsVctAGmU-ms","https://lh3.googleusercontent.com/gps-cs-s/AC9h4nokg3p3MmcCMoHIXY8Qhuni3C9BesdAgQJcDd6Zdy11z-oj7Qbp1Flnr5XQ-nRQXxkmtx5sTLgqtj6wXytKBm6Rt0tD2ikq2OeNYZU1rjyszfntgwn61_GaDV9_R1rPv9qXXkU=w408-h306-k-no","Riau","+62 812-7043-1325","ID","Jl. Imam Munandar No.42, Tengkerang Tim., Kec. Tenayan Raya, Kota Pekanbaru, Riau 28131, Indonesia","Kota Pekanbaru",,,,"1","0","0","0","0","id","28131","RM. Ampera Lintau Uni Jas"
"29","Restoran Pecel Lele",,,,,,,"Selasa","06.30 to 01.00","Rabu","06.30 to 01.00","Kamis","06.30 to 01.00","Jumat","06.30 to 01.00","Sabtu","06.30 to 01.00","Minggu","06.30 to 01.00","Senin","06.30 to 01.00","false","Restoran Pecel Lele","0.4880145","101.4907855","4.4","59",,"FFQR+683, Jl. Aur Duri","https://www.google.com/maps/search/?api=1&query=Pecel%20Lele%20Cah%20Gilang&query_place_id=ChIJL9odU0Wu1TERJK72p1vLgNo","https://lh3.googleusercontent.com/gps-cs-s/AC9h4nqSjHfE3YzuMN8lW9ZYSwow6d7wuwhuXzlybgXbMMgOWYJGecXQ2GNnNxhsI8SwcvBsXqlzLkqLEgemtEafPMDxJGVlr2sFpTfmUcuJuyMu-uES_ZFAU-Ry_EaUMs3AKErsAzeJJg=w408-h306-k-no","Riau","+62 852-6525-3838","ID","FFQR+683, Jl. Aur Duri, Tengkerang Tim., Kec. Tenayan Raya, Kota Pekanbaru, Riau 28131, Indonesia","Kota Pekanbaru",,,,"21","4","2","0","2","id","28131","Pecel Lele Cah Gilang"
"1","Restoran Soto Ayam","Restoran soto",,,,,,"Selasa","10.00 to 20.00","Rabu","10.00 to 20.00","Kamis","10.00 to 20.00","Jumat","10.00 to 20.00","Sabtu","10.00 to 20.00","Minggu","10.00 to 20.00","Senin","10.00 to 20.00","false","Restoran Soto Ayam","0.492449","101.5041199","5","60",,"Gg. Jogja","https://www.google.com/maps/search/?api=1&query=Soto%20Bagan%20Syafaat%20(SBS)&query_place_id=ChIJqwwAMemv1TERSfSoxli8_Ys","https://lh3.googleusercontent.com/p/AF1QipNWM1qW06b47jFdO-QVgKliRxUNDeWW61Kj4Hhh=w426-h240-k-no","Riau","+62 812-7895-4509","ID","Gg. Jogja, Tengkerang Tim., Kec. Tenayan Raya, Kota Pekanbaru, Riau 28131, Indonesia","Kota Pekanbaru",,,,"1","0","0","0","0","id","28131","Soto Bagan Syafaat (SBS)"
"1","Kedai Sarapan & Makan Siang",,,,,,,,,,,,,,,,,,,,,"false","Kedai Sarapan & Makan Siang","0.4832263","101.5280246","4","41",,"FGMH+76V","https://www.google.com/maps/search/?api=1&query=Timpu%20Resto&query_place_id=ChIJq9eiZgCx1TERlBtBK9VmajE","https://lh3.googleusercontent.com/gps-cs-s/AC9h4nqEVE-4_1gYiC35heaSz_IHr0-mgRkGGqA7jiHkYEiBgHTkbSTN1RUGEpJ8KFuMLYeu-wb8RA8waj8mvFVNke-CPJQngYFJ7exNjaa8l2HH-E51U2osGnNcqt0nJMu0vVQFAczF=w408-h905-k-no","Riau",,"ID","FGMH+76V, Kulim, Kec. Tenayan Raya, Kota Pekanbaru, Riau, Indonesia","Kota Pekanbaru",,,,"0","1","0","0","0","id",,"Timpu Resto"
"54","Restoran Padang",,,,,,,"Selasa","10.00 to 20.00","Rabu","10.00 to 20.00","Kamis","10.00 to 20.00","Jumat","10.00 to 20.00","Sabtu","10.00 to 20.00","Minggu","10.00 to 20.00","Senin","10.00 to 20.00","false","Restoran Padang","0.4728883","101.5432982","4.2","43",,"FGFV+583, Jl. Lintas Sumatra","https://www.google.com/maps/search/?api=1&query=Rumah%20Makan%20Uniang&query_place_id=ChIJSThLmDaw1TERe7Q2I7nnxkE","https://lh3.googleusercontent.com/gps-cs-s/AC9h4nptt_9tbSzLSMb3Xv2HUqmQHstYx4YoNMkQ0_pwEcnflxcH7ar3w5zdmQTAmLqAEfdsYOZFglUJbPukb1y6SNNu1cXGT7DNpowrNHulXxi4sjBaOIjqWpYGI6UArrTI0JU8xX1n=w408-h544-k-no","Riau",,"ID","FGFV+583, Jl. Lintas Sumatra, Kulim, Kec. Tenayan Raya, Kota Pekanbaru, Riau 28282, Indonesia","Kota Pekanbaru",,,,"27","14","1","10","2","id","28282","Rumah Makan Uniang"
"22","Restoran Sate",,,,,,,"Selasa","16.30 to 00.00","Rabu","16.30 to 00.00","Kamis","16.30 to 00.00","Jumat","16.30 to 00.00","Sabtu","16.30 to 00.00","Minggu","16.30 to 00.00","Senin","16.30 to 00.00","false","Restoran Sate","0.4781071","101.5110257","4.8","45",,"FGH6+6CR, Jl. Sepakat Perum MKP","https://www.google.com/maps/search/?api=1&query=SATE%20TOGE%20TRIO%20F&query_place_id=ChIJJZrILM2v1TERJR2oZ5OISsM","https://streetviewpixels-pa.googleapis.com/v1/thumbnail?panoid=-YTx4NlVZZ1Z8_BJBwWdBw&cb_client=search.gws-prod.gps&w=408&h=240&yaw=258.49805&pitch=0&thumbfov=100","Riau","+62 812-7666-496","ID","FGH6+6CR, Jl. Sepakat Perum MKP, Tengkerang Tim., Kec. Tenayan Raya, Kota Pekanbaru, Riau 28289, Indonesia","Kota Pekanbaru",,,,"17","5","0","0","0","id","28289","SATE TOGE TRIO F"
"17","Restoran Masakan Ayam",,,,,,,"Selasa","11.00 to 23.00","Rabu","11.00 to 23.00","Kamis","11.00 to 23.00","Jumat","11.00 to 23.00","Sabtu","11.00 to 23.00","Minggu","11.00 to 23.00","Senin","11.00 to 23.00","false","Restoran Masakan Ayam","0.4694172","101.5092684","4.2","46",,"Jl. Bhakti Husada","https://www.google.com/maps/search/?api=1&query=Ayam%20Bakar%20Super%20Josss&query_place_id=ChIJac1rlIiv1TERNUZ47qYhoSk","https://lh3.googleusercontent.com/p/AF1QipM7QfYvOFGORu5hBnWzzM_SeQb9jb-D2Nq-Dmpc=w426-h240-k-no","Riau","+62 813-6542-5659","ID","Jl. Bhakti Husada, Kulim, Kec. Tenayan Raya, Kota Pekanbaru, Riau 28289, Indonesia","Kota Pekanbaru",,,,"9","5","1","1","1","id","28289","Ayam Bakar Super Josss"
"10","Restoran Masakan Ayam",,,,,,,"Selasa","06.00 to 20.00","Rabu","06.00 to 20.00","Kamis","06.00 to 20.00","Jumat","06.00 to 20.00","Sabtu","06.00 to 20.00","Minggu","06.00 to 20.00","Senin","06.00 to 20.00","false","Restoran Masakan Ayam","0.4840302","101.5057948","3.9","47",,,"https://www.google.com/maps/search/?api=1&query=Pangeran%20Fried%20Chicken&query_place_id=ChIJ_3spbm2v1TERXtB0dtV7Bhk","https://lh3.googleusercontent.com/gps-cs-s/AC9h4nod5YXxl5toOR12soWdFKYC_l8-uj1ckyI1vnhVM1jQpmK8_-uii2FdjPtisfyLXnRYlMw4odFp8nSARiW6B7yTttCdqSCbHoKe6D-2dHfUsoShqLUW8H7Cvg9WOhYtWYxU9r-l6A=w408-h544-k-no","Riau","+62 821-7259-1269","ID","Tengkerang Tim., Kec. Tenayan Raya, Kota Pekanbaru, Riau, Indonesia","Kota Pekanbaru",,,,"6","1","2","1","0","id",,"Pangeran Fried Chicken"
"3","Warung Makanan Kecil",,,,,,,"Selasa","15.00 to 22.00","Rabu","15.00 to 22.00","Kamis","15.00 to 22.00","Jumat","15.00 to 22.00","Sabtu","15.00 to 22.00","Minggu","15.00 to 22.00","Senin","15.00 to 22.00","false","Warung Makanan Kecil","0.4752797","101.5154644","5","48",,"Jl. Lintas Sumatra","https://www.google.com/maps/search/?api=1&query=Lumpia%20Goweng%20Bang%20Kokom&query_place_id=ChIJKw1dc8yv1TERLuiL54FKxPY","https://lh3.googleusercontent.com/p/AF1QipMZgqkRbAXOspvo7mWIf58PvalS9n277o0BNiCj=w408-h544-k-no","Riau","+62 821-7032-3322","ID","Jl. Lintas Sumatra, Kulim, Kec. Tenayan Raya, Kota Pekanbaru, Riau 28286, Indonesia","Kota Pekanbaru",,,,"3","0","0","0","0","id","28286","Lumpia Goweng Bang Kokom"
"144","Restoran Timur Tengah","Restoran",,,,,,"Selasa","16.30 to 01.00","Rabu","16.30 to 01.00","Kamis","16.30 to 01.00","Jumat","16.30 to 01.00","Sabtu","16.30 to 01.00","Minggu","16.30 to 01.00","Senin","16.30 to 01.00","false","Restoran Timur Tengah","0.4751044","101.5139559","4.3","49",,"Jl. Sepakat","https://www.google.com/maps/search/?api=1&query=Bofet%20belubus%20Sony&query_place_id=ChIJuQ5wcdKv1TERpFIYK3E_rus","https://lh3.googleusercontent.com/gps-cs-s/AC9h4np6K29NGCbXp2xgId7AgEcJ4p4XbzPhT4jbtSBVuv64XG5ZnHrSsrdg9HJrnjK4nTZV9HocFuzgq84bLto9qKnru3Z4lIj2FWTCPkeut5cFgOGbPQ2PcFLF40yQprX-dhxX0UYp=w426-h240-k-no","Riau","+62 813-6524-3389","ID","Jl. Sepakat, Kulim, Kec. Tenayan Raya, Kota Pekanbaru, Riau 28289, Indonesia","Kota Pekanbaru",,,,"90","30","8","12","4","id","28289","Bofet belubus Sony"
"528","Restoran Sate",,,,,,,"Selasa","07.00 to 20.00","Rabu","07.00 to 20.00","Kamis","07.00 to 20.00","Jumat","07.00 to 20.00","Sabtu","07.00 to 20.00","Minggu","07.00 to 20.00","Senin","07.00 to 20.00","false","Restoran Sate","0.4726473","101.5444339","4.1","50","$$","FGFV+3Q3","https://www.google.com/maps/search/?api=1&query=Sate%20Kambing%20Pak%20Sugeng&query_place_id=ChIJi2oViTaw1TERTy34HxEcQgk","https://lh3.googleusercontent.com/gps-cs-s/AC9h4noqy_uLbkYsqvRqj7qNM80o4P5Ambym5AQE7UKUCzwB7rVZ6RvN6Y-euFXSaGCzBTEVKY0d9OxqTJXkcSTQ6YnMQnJdKFMZlUjs6cr-EEsHke5NwGPKMFDYMHLnuwbF6TsE32yW=w426-h240-k-no","Riau",,"ID","FGFV+3Q3, Kulim, Kec. Tenayan Raya, Kota Pekanbaru, Riau 28282, Indonesia","Kota Pekanbaru",,,,"260","141","31","76","20","id","28282","Sate Kambing Pak Sugeng"
"2","Restoran soto",,,,,,,,,,,,,,,,,,,,,"false","Restoran soto","0.4713726","101.5495006","5","51",,,"https://www.google.com/maps/search/?api=1&query=Soto%20Goyang%20Lidah&query_place_id=ChIJbYw0skmw1TER0FWET9iA-tY","https://streetviewpixels-pa.googleapis.com/v1/thumbnail?panoid=_w3EAbTwUtpn413ka3RvRQ&cb_client=search.gws-prod.gps&w=408&h=240&yaw=176.74219&pitch=0&thumbfov=100","Riau",,"ID","Kulim, Kec. Tenayan Raya, Kota Pekanbaru, Riau, Indonesia","Kota Pekanbaru",,,,"2","0","0","0","0","id",,"Soto Goyang Lidah"
"2","Restoran Padang",,,,,,,"Selasa","08.00 to 22.00","Rabu","08.00 to 22.00","Kamis","08.00 to 22.00","Jumat","08.00 to 22.00","Sabtu","08.00 to 22.00","Minggu","08.00 to 22.00","Senin","08.00 to 22.00","false","Restoran Padang","0.4681305","101.510631","5","52",,"FG96+772, Jl. Pesantren","https://www.google.com/maps/search/?api=1&query=Rumah%20Makan%20Kubang%20Duo&query_place_id=ChIJqawXdsWv1TERp9fQg4Y1zWE","https://streetviewpixels-pa.googleapis.com/v1/thumbnail?panoid=WGpGXRPjRgJHNAxlJcQrmg&cb_client=search.gws-prod.gps&w=408&h=240&yaw=0.39064512&pitch=0&thumbfov=100","Riau",,"ID","FG96+772, Jl. Pesantren, Kulim, Kec. Tenayan Raya, Kota Pekanbaru, Riau 28289, Indonesia","Kota Pekanbaru",,,,"2","0","0","0","0","id","28289","Rumah Makan Kubang Duo"
"1","Warung nasi","Restoran Masakan Ayam","Restoran Nasi Goreng",,,,,"Selasa","11.00 to 23.00","Rabu","11.00 to 23.00","Kamis","11.00 to 23.00","Jumat","Tutup","Sabtu","11.00 to 23.00","Minggu","11.00 to 22.30","Senin","11.00 to 23.00","false","Warung nasi","0.4666736","101.5046526","5","53",,"Jl. Pesantren","https://www.google.com/maps/search/?api=1&query=Ayam%20geprek%20hasby&query_place_id=ChIJQW7znrmv1TERwEC1rooVq8k","https://lh3.googleusercontent.com/p/AF1QipODRllWXA10tI3mUZ3SZjCdjXEMM6Uq28T7hnLc=w408-h408-k-no","Riau","+62 812-6907-4193","ID","Jl. Pesantren, Tengkerang Tim., Kec. Tenayan Raya, Kota Pekanbaru, Riau 28281, Indonesia","Kota Pekanbaru","https://shopee.co.id/universal-link/now-food/shop/21691579?deep_and_deferred=1&shareChannel=copy_link",,,"1","0","0","0","0","id","28281","Ayam geprek hasby"
"66","Restoran Bakso",,,,,,,"Selasa","15.00 to 23.00","Rabu","15.00 to 23.00","Kamis","15.00 to 23.00","Jumat","15.00 to 23.00","Sabtu","15.00 to 23.00","Minggu","15.00 to 23.00","Senin","15.00 to 23.00","false","Restoran Bakso","0.4834243","101.5068448","4.4","54",,"Jalan Sepakat (Komplek Ruko 17 Pintu Kelurahan","https://www.google.com/maps/search/?api=1&query=Bakso%20Jumbo%20Mawar%20Sakti&query_place_id=ChIJ8Zh1xDau1TERc46P_Lb2ZEs","https://lh3.googleusercontent.com/gps-cs-s/AC9h4nqcYjapUl71r3dnWVd6rrOveI4cXbSMsE8kRtlB1UsCkEF6iAkH-I2zOMlQ3vSLM_60jzBlmQypkvzNf4XgJgq20Y3-8Y1XG6qvGlqb_q8RmJSk2SD60CUO4MvOmB0jmanMrG4=w426-h240-k-no","Riau","+62 853-7665-0678","ID","Jalan Sepakat (Komplek Ruko 17 Pintu Kelurahan, Tengkerang Tim., Kec. Tenayan Raya, Kota Pekanbaru, Riau 28289, Indonesia","Kota Pekanbaru",,,,"42","16","2","3","3","id","28289","Bakso Jumbo Mawar Sakti"
"1","Restoran Pecel Lele","Restoran Nasi Uduk",,,,,,,,,,,,,,,,,,,,"false","Restoran Pecel Lele","0.4677044","101.5154931","5","55",,"FG98+35Q, Jl. Lintas Sumatra Jl. Seroja","https://www.google.com/maps/search/?api=1&query=Nasi%20uduk%20cak%20yud&query_place_id=ChIJbevu2cuv1TERS2C271pYuDg","https://lh3.googleusercontent.com/gps-cs-s/AC9h4np173yn-TOgCFwWr-I6qJVIAZSFTV_BEwuB466BVe0r-oboJsCAbA83x-uxnNAqHeQ3fzRCSDMjX-MizhBSjb0GQeNwTJbjGLhZFicqHiyLyAzzOFXWmYscBV9bfVkEQ0yMcJ8PwA=w426-h240-k-no","Riau",,"ID","FG98+35Q, Jl. Lintas Sumatra Jl. Seroja, &, Kulim, Kec. Tenayan Raya, Kota Pekanbaru, Riau 28289, Indonesia","Kota Pekanbaru",,,,"1","0","0","0","0","id","28289","Nasi uduk cak yud"
"1","Kedai Sarapan",,,,,,,"Selasa","07.00 to 13.00","Rabu","07.00 to 13.00","Kamis","07.00 to 13.00","Jumat","07.00 to 13.00","Sabtu","07.00 to 13.00","Minggu","07.00 to 13.00","Senin","07.00 to 13.00","false","Kedai Sarapan","0.4814075","101.5083646","5","56",,"Jl. Sepakat","https://www.google.com/maps/search/?api=1&query=Dapur%20Lontong%20Specialist%20Lontong%20Medan&query_place_id=ChIJAQJ-aQCv1TERdL_bv7cpyKI","https://lh3.googleusercontent.com/p/AF1QipPSeqmuqent3cCZEOZTp_Ppx0HNnvpgWnkJTIpc=w408-h544-k-no","Riau","+62 813-6759-8215","ID","Jl. Sepakat, Tengkerang Tim., Kec. Tenayan Raya, Kota Pekanbaru, Riau 28289, Indonesia","Kota Pekanbaru",,,,"1","0","0","0","0","id","28289","Dapur Lontong Specialist Lontong Medan"
"1","Kedai Sarapan",,,,,,,,,,,,,,,,,,,,,"false","Kedai Sarapan","0.4744748","101.5086668","5","57",,"FGF5+QFM","https://www.google.com/maps/search/?api=1&query=Kedai%20Harian%20Bou&query_place_id=ChIJIUVdbi2v1TERE3DeqYdzrLE","https://streetviewpixels-pa.googleapis.com/v1/thumbnail?panoid=mHNAHjd1SRKfV-E_ZJ4uQg&cb_client=search.gws-prod.gps&w=408&h=240&yaw=83.19037&pitch=0&thumbfov=100","Riau",,"ID","FGF5+QFM, Kulim, Kec. Tenayan Raya, Kota Pekanbaru, Riau 28289, Indonesia","Kota Pekanbaru",,,,"1","0","0","0","0","id","28289","Kedai Harian Bou"
"4","Restoran Sate",,,,,,,"Selasa","14.30 to 23.00","Rabu","14.30 to 23.00","Kamis","14.30 to 23.00","Jumat","14.30 to 23.00","Sabtu","14.30 to 23.00","Minggu","07.00 to 23.00","Senin","14.30 to 23.00","false","Restoran Sate","0.4832982","101.5201836","4.5","58",,"Jl. Lintas Sumatra","https://www.google.com/maps/search/?api=1&query=Pondok%20Sate%20Sambalado&query_place_id=ChIJx1E00tav1TERL2nDsTpSXmw","https://lh3.googleusercontent.com/gps-cs-s/AC9h4noB72AY9y9RJ1v9H6ZXgC134zMzvLOXFL3-OiFNkEzeL4sHEEpEAY_ADbXZz5PkmPLfrnkg6NUt-tmjfNOj6HKp7AX1WI7JuOJwbj8om9X8wxxl5tGu-WygXEnOgAzA04K2CW0=w426-h240-k-no","Riau","+62 813-7477-6808","ID","Jl. Lintas Sumatra, Kelurahan Mentangor, Kec. Tenayan Raya, Kota Pekanbaru, Riau 28282, Indonesia","Kota Pekanbaru",,,,"3","0","0","1","0","id","28282","Pondok Sate Sambalado"
"2","Restoran","Restoran Nasi Uduk","Restoran Pecel Lele",,,,,,,,,,,,,,,,,,,"false","Restoran","0.4828529","101.5073815","5","60",,"FGM4+4XR, Jl. Sepakat","https://www.google.com/maps/search/?api=1&query=Pecel%20Lele%20%26%20Nasi%20Uduk%20Mas%20Agung&query_place_id=ChIJdddOvzau1TERRF5I6pohhKY","https://lh3.googleusercontent.com/gps-cs-s/AC9h4nq9BdSCCRm2Svk87ZVuOMAZ2JbzGHL-c2gr9lsE8qM1i9dMfuGOGYNPsmccHbfck50C3l_iBw90veckh4HQwQyIa7Dz1C7OtkXzN7TVXRl6IsumK_jsWmkWM8x1dlfpqfOsl6S-qQ=w408-h544-k-no","Riau",,"ID","FGM4+4XR, Jl. Sepakat, Tengkerang Tim., Kec. Tenayan Raya, Kota Pekanbaru, Riau 28289, Indonesia","Kota Pekanbaru",,,,"2","0","0","0","0","id","28289","Pecel Lele & Nasi Uduk Mas Agung"
"9","Restoran Padang","Restoran Indonesia","Restoran",,,,,"Selasa","11.00 to 21.00","Rabu","11.00 to 21.00","Kamis","11.00 to 21.00","Jumat","11.00 to 21.00","Sabtu","11.00 to 21.00","Minggu","10.00 to 21.00","Senin","11.00 to 21.00","false","Restoran Padang","0.5110203","101.4914498","4.4","61",,"Jl. Lintas Timur KM 8, Kulim, Tenayan Raya","https://www.google.com/maps/search/?api=1&query=Ampera%20Sumatera&query_place_id=ChIJ_____3au1TERfQTdDT-t_VM","https://lh3.googleusercontent.com/gps-cs-s/AC9h4nqOJND-0CaARUk-EBhp-3dCIZDQUg0JzrzAUQRQ4d5GeheARjWO1__aEtwTtacvJ3vjyz8yX43nlotHCYtJ2DtV-b8AmyBceZtSV-6mC1R36vnIid_MbIzSepT3uBWG7rxWQNG-=w408-h306-k-no","Riau","+62 853-5591-7247","ID","Jl. Lintas Timur KM 8, Kulim, Tenayan Raya, Bencah Lesung, Kec. Tenayan Raya, Kota Pekanbaru, Riau 28131, Indonesia","Kota Pekanbaru",,,,"5","3","0","1","0","id","28131","Ampera Sumatera"
"15","Restoran Masakan Ayam","Restoran Ikan Bakar","Restoran Pecel Lele","Restoran Seafood",,,,"Selasa","16.00 to 00.59","Rabu","16.00 to 00.59","Kamis","16.00 to 00.59","Jumat","16.00 to 00.59","Sabtu","16.00 to 00.59","Minggu","16.00 to 00.00","Senin","16.00 to 00.59","false","Restoran Masakan Ayam","0.490677","101.4877104","4.4","62",,"Jl. Rawamangun No.023","https://www.google.com/maps/search/?api=1&query=Ikan%20Bakar%20%26%20Seafood%20%22Trioz%22&query_place_id=ChIJbbZjUGKo1TEReebot4ts7jc","https://lh3.googleusercontent.com/gps-cs-s/AC9h4nqrLaJBcQGNlEyzEs6bIUDWobqFv86lX8Dd7a6T3-G-h05pux1VVlkS8GJhpwZsPeSEu9X4qDHQSQn46IgFG_3UzKPU8tPUM24_TqkKfMpo1DEL1dRPun2o8T54rFegKXSuCWMn=w408-h306-k-no","Riau","+62 813-3208-9541","ID","Jl. Rawamangun No.023, Tengkerang Labuai, Kec. Bukit Raya, Kota Pekanbaru, Riau 28125, Indonesia","Kota Pekanbaru",,,,"11","1","1","2","0","id","28125","Ikan Bakar & Seafood ""Trioz"""
"386","Restoran Bakso","Rumah Makan",,,,,,"Selasa","11.00 to 22.30","Rabu","11.00 to 22.30","Kamis","11.00 to 22.30","Jumat","11.00 to 22.30","Sabtu","11.00 to 22.30","Minggu","11.00 to 22.30","Senin","11.00 to 22.30","false","Restoran Bakso","0.5001368","101.4722629","4.1","63","$$","Jl. Kelapa Sawit No.1E","https://www.google.com/maps/search/?api=1&query=Bakso%20Barokah%20Tulang%20Rusuk&query_place_id=ChIJPVHWQYyu1TERETHqntx1ids","https://lh3.googleusercontent.com/gps-cs-s/AC9h4nr_AICxdryOIgkM8hllUWlhcTIUg6jhkBsqDqvEBzXjoHTSSFXYlGzKgyWRh3uUTprYioa5J7cmwUtLQkSJifgnNQlckvcBd2IQbocbXYys8UDfUf_NKGSwMsLRFYNfu3_luWBVNw=w408-h306-k-no","Riau","+62 823-6305-7543","ID","Jl. Kelapa Sawit No.1E, Tengkerang Labuai, Kec. Bukit Raya, Kota Pekanbaru, Riau 28282, Indonesia","Kota Pekanbaru",,,,"210","78","37","52","9","id","28282","Bakso Barokah Tulang Rusuk"
"622","Restoran Bakso",,,,,,,"Selasa","10.00 to 22.00","Rabu","10.00 to 22.00","Kamis","10.00 to 22.00","Jumat","16.00 to 22.00","Sabtu","10.00 to 22.00","Minggu","10.00 to 22.00","Senin","10.00 to 22.00","false","Restoran Bakso","0.504987","101.5031653","4.3","64","$","Jl. Hangtuah","https://www.google.com/maps/search/?api=1&query=BAKSO%20UTAMA%20spesial%20bakso%20beranak&query_place_id=ChIJefjVvhKu1TERjmohfI5W1Z8","https://lh3.googleusercontent.com/p/AF1QipN4BI7G2z3FYv34OyKSgiW6vLIb-HouFxZxXEY8=w408-h544-k-no","Riau","+62 852-3004-1415","ID","Jl. Hangtuah, Sialang Sakti, Kec. Tenayan Raya, Kota Pekanbaru, Riau 28131, Indonesia","Kota Pekanbaru",,,,"379","147","29","54","13","id","28131","BAKSO UTAMA spesial bakso beranak"
"5","Restoran Padang","Rumah Makan",,,,,,"Selasa","09.00 to 23.00","Rabu","09.00 to 23.00","Kamis","09.00 to 23.00","Jumat","09.00 to 23.00","Sabtu","09.00 to 23.00","Minggu","09.00 to 23.00","Senin","09.00 to 23.00","false","Restoran Padang","0.5161345","101.4862034","5","65",,"Jl. Hangtuah No.mor 112","https://www.google.com/maps/search/?api=1&query=Rumah%20Makan%20Rindu%20Batipuah&query_place_id=ChIJc8n2TiCv1TERNJGQUL10FWU","https://streetviewpixels-pa.googleapis.com/v1/thumbnail?panoid=XSaxxvkZOcI604k9P-Hysw&cb_client=search.gws-prod.gps&w=408&h=240&yaw=50.881046&pitch=0&thumbfov=100","Riau","+62 853-5640-0040","ID","Jl. Hangtuah No.mor 112, Kulim, Kec. Tenayan Raya, Kota Pekanbaru, Riau 28286, Indonesia","Kota Pekanbaru",,,,"5","0","0","0","0","id","28286","Rumah Makan Rindu Batipuah"
"368","Restoran Bakso","Restoran Cepat Saji",,,,,,"Selasa","10.00 to 23.30","Rabu","10.00 to 23.30","Kamis","10.00 to 23.30","Jumat","15.00 to 23.30","Sabtu","10.00 to 23.30","Minggu","10.00 to 23.30","Senin","10.00 to 23.30","false","Restoran Bakso","0.4958033","101.4835883","4.3","66","$","Jl. Harapan Raya No.388e","https://www.google.com/maps/search/?api=1&query=Bakso%20Bang%20Jarwo%20Pekanbaru&query_place_id=ChIJAeT5Pl6u1TERZ78Z4-7EQcw","https://lh3.googleusercontent.com/gps-cs-s/AC9h4npFCiSWRV1KudVseApcHw7aiZMMJHb4EIcEC_dAOHlUn40D2pMrv1xaCT1LCKA1DhM6Cxin6WESt0r7U88rGZzLRsb2mZfTfo0ZP2wzBmsG_Gy484MEiEVX69YTCn-7v80FY40NHA=w408-h271-k-no","Riau",,"ID","Jl. Harapan Raya No.388e, Tengkerang Tim., Kec. Tenayan Raya, Kota Pekanbaru, Riau 28131, Indonesia","Kota Pekanbaru",,,,"200","100","13","43","12","id","28131","Bakso Bang Jarwo Pekanbaru"
"3","Warung nasi",,,,,,,"Selasa","17.00 to 01.30","Rabu","17.00 to 01.30","Kamis","17.00 to 01.30","Jumat","17.00 to 01.30","Sabtu","17.00 to 01.30","Minggu","17.00 to 01.30","Senin","17.00 to 01.30","false","Warung nasi","0.4885474","101.4901516","5","67",,"Perumahan Bukit Barisan Jl. Bukit Barisan No.5 Blok B 1","https://www.google.com/maps/search/?api=1&query=Nasi%20Goreng%20Rempah%20A%26K&query_place_id=ChIJ3eJcHZKv1TERhOwees3UJsE","https://lh3.googleusercontent.com/p/AF1QipMSiNv3bmM2XBvQRyPhxvG63LMDDhr4z04pOnoy=w408-h725-k-no","Riau",,"ID","Perumahan Bukit Barisan Jl. Bukit Barisan No.5 Blok B 1, Tengkerang Tim., Kec. Tenayan Raya, Kota Pekanbaru, Riau 28244, Indonesia","Kota Pekanbaru","https://instagram.com/nasigorengrempahpku?utm_medium=copy_link",,,"3","0","0","0","0","id","28244","Nasi Goreng Rempah A&K"
"4","Restoran Soto Ayam","Rumah Makan","Restoran soto",,,,,"Selasa","07.00 to 20.00","Rabu","07.00 to 20.00","Kamis","07.00 to 20.00","Jumat","07.00 to 20.00","Sabtu","07.00 to 20.00","Minggu","07.00 to 20.00","Senin","07.00 to 20.00","false","Restoran Soto Ayam","0.4913439","101.486359","5","68",,"FFRP+GGQ, Jl. Bukit Barisan","https://www.google.com/maps/search/?api=1&query=Soto%20Mendingan&query_place_id=ChIJ5abg7Fuu1TER_-1efYQGeEE","https://streetviewpixels-pa.googleapis.com/v1/thumbnail?panoid=m1uO9a1uweWxiX6_aVsEPw&cb_client=search.gws-prod.gps&w=408&h=240&yaw=236.78697&pitch=0&thumbfov=100","Riau",,"ID","FFRP+GGQ, Jl. Bukit Barisan, Tengkerang Tim., Kec. Tenayan Raya, Kota Pekanbaru, Riau 28131, Indonesia","Kota Pekanbaru",,,,"4","0","0","0","0","id","28131","Soto Mendingan"
"5","Restoran Sate",,,,,,,"Selasa","12.00 to 22.00","Rabu","12.00 to 22.00","Kamis","12.00 to 22.00","Jumat","12.00 to 22.00","Sabtu","12.00 to 22.00","Minggu","12.00 to 22.00","Senin","12.00 to 22.00","false","Restoran Sate","0.4896667","101.5171747","4.6","69",,"Jalan Raya Lintas Timur Sumatera, Jl. Simpang Jengkol","https://www.google.com/maps/search/?api=1&query=Sate%20Agam&query_place_id=ChIJM12IZG6v1TERFF17rroWlQY","https://lh3.googleusercontent.com/gps-cs-s/AC9h4nrBvr6SsV07AGSahUZ-Z2TcJV7f15WqSVFjrmgiTPmkI2Z8JBY8ikfzD3-UMdFD9zEmiRHSyBh-bRz1W2ohZhnE89xsr6MFPcXXSid3dXco7sJvxPLOihgBawqz_5Hxh2XHqSjX=w408-h306-k-no","Riau","+62 812-6865-5755","ID","Jalan Raya Lintas Timur Sumatera, Jl. Simpang Jengkol, Kulim, Kec. Tenayan Raya, Kota Pekanbaru, Riau 28286, Indonesia","Kota Pekanbaru",,,,"4","0","0","1","0","id","28286","Sate Agam"
